TNS No.,Type status,Genus,Species epithet,Collector,Collection Date (Year),Collecting Date (Month),Collecting Date (Day),Country,Prefecture,Island,City/Town,Ward Name,Identifier
158119,,Heterosiphonia,japonica,M. Higashi,1928,4,21,Japan,Kanagawa,,Yokohama,,
158118,,Heterosiphonia,japonica,M. Higashi,1933,4,,Japan,Chiba,,Kominato,,
159857,,Heterosiphonia,japonica,S. Ohashi,1933,5,11,Japan,Kanagawa,,Miura,,
159859,,Heterosiphonia,japonica,S. Ohashi,1933,5,11,Japan,Kanagawa,,Miura,,
172989,,Heterosiphonia,japonica,S. Kato,1938,2,28,Japan,Kanagawa,,Chigasaki,,
172900,,Heterosiphonia,japonica,S. Kato,1938,3,2,Japan,Kanagawa,,,,
172901,,Heterosiphonia,japonica,S. Kato,1938,3,2,Japan,Kanagawa,,Yokosuka,,
172898,,Heterosiphonia,japonica,S. Kato,1938,3,,Japan,Kanagawa,,Yokosuka,,
172904,,Heterosiphonia,japonica,,1941,4,14,Japan,Kanagawa,,,,
161376,,Heterosiphonia,japonica,M. Chihara,1951,3,25,Japan,Chiba,,Amatsu,,
161375,,Heterosiphonia,japonica,M. Chihara,1955,3,10,Japan,Shizuoka,,Shimoda,,
161377,,Heterosiphonia,japonica,M. Chihara,1956,3,1,Japan,Shizuoka,,Shimoda,,
166545,,Heterosiphonia,japonica,M. Chihara,1956,5,6,Japan,Shizuoka,,Shimoda,,
163449,,Heterosiphonia,japonica,M. Chihara,1959,4,12,Japan,Shizuoka,,Shimoda,,M. Chihara
169438,,Heterosiphonia,japonica,K. Inagaki,1963,3,26,Japan,Hokkaido,,Rumoi,,T. Kitayama
28674,,Heterosiphonia,japonica,T. Yamamoto,1963,4,1,Japan,Wakayama,,Hidaka,,
28675,,Heterosiphonia,japonica,T. Yamamoto,1963,4,1,Japan,Wakayama,,Hidaka,,
169414,,Heterosiphonia,japonica,K. Inagaki,1963,5,12,Japan,Hokkaido,,Rumoi,,T. Kitayama
151866,,Heterosiphonia,japonica,T. Kawase,1964,4,13,Japan,Kanagawa,,Kamakura,,
151867,,Heterosiphonia,japonica,T. Kawase,1964,4,13,Japan,Kanagawa,,Kamakura,,
28669,,Heterosiphonia,japonica,M. Chihara,1965,1,8,Japan,Chiba,,Futtsu,,M. Chihara
28763,,Heterosiphonia,japonica,M. Chihara,1965,4,2,Japan,Kanagawa,,Kamakura,,M. Yoshizaki
28762,,Heterosiphonia,japonica,M. Chihara,1965,4,2,Japan,Kanagawa,,Kamakura,,M. Yoshizaki
28710,,Heterosiphonia,japonica,M. Chihara,1965,4,5,Japan,Shizuoka,,Shimoda,,M. Chihara
28711,,Heterosiphonia,japonica,M. Chihara,1965,4,5,Japan,Shizuoka,,Shimoda,,M. Chihara
28690,,Heterosiphonia,japonica,M. Chihara,1965,4,5,Japan,Shizuoka,,Shimoda,,M. Chihara
28672,,Heterosiphonia,japonica,M. Chihara,1965,4,5,Japan,Shizuoka,,Shimoda,,M. Chihara
28673,,Heterosiphonia,japonica,M. Chihara,1965,4,5,Japan,Shizuoka,,Shimoda,,M. Chihara
28689,,Heterosiphonia,japonica,M. Chihara,1965,4,6,Japan,Shizuoka,,Shimoda,,M. Chihara
28688,,Heterosiphonia,japonica,M. Chihara,1965,4,6,Japan,Shizuoka,,Shimoda,,M. Chihara
28661,,Heterosiphonia,japonica,M. Chihara,1965,4,6,Japan,Shizuoka,,Shimoda,,M. Chihara
166546,,Heterosiphonia,japonica,T. Katagiri,1965,4,7,Japan,Chiba,,,,
28660,,Heterosiphonia,japonica,M. Yoshizaki,1965,7,22,Japan,Aomori,,Hachinohe,,M. Yoshizaki
28696,,Heterosiphonia,japonica,M. Yoshizaki,1965,7,22,Japan,Aomori,,Hachinohe,,M. Yoshizaki
28692,,Heterosiphonia,japonica,M. Yoshizaki,1965,7,22,Japan,Aomori,,Hachinohe,,M. Yoshizaki
28666,,Heterosiphonia,japonica,M. Yoshizaki,1965,7,22,Japan,Aomori,,Hachinohe,,M. Yoshizaki
28659,,Heterosiphonia,japonica,M. Yoshizaki,1965,7,22,Japan,Aomori,,Hachinohe,,M. Yoshizaki
28658,,Heterosiphonia,japonica,M. Yoshizaki,1965,7,22,Japan,Aomori,,Hachinohe,,M. Yoshizaki
28657,,Heterosiphonia,japonica,M. Yoshizaki,1965,7,22,Japan,Aomori,,Hachinohe,,M. Yoshizaki
28656,,Heterosiphonia,japonica,M. Yoshizaki,1965,7,22,Japan,Aomori,,Hachinohe,,M. Yoshizaki
28655,,Heterosiphonia,japonica,M. Yoshizaki,1965,7,22,Japan,Aomori,,Hachinohe,,M. Yoshizaki
28654,,Heterosiphonia,japonica,M. Yoshizaki,1965,7,22,Japan,Aomori,,Hachinohe,,M. Yoshizaki
28653,,Heterosiphonia,japonica,M. Yoshizaki,1965,7,22,Japan,Aomori,,Hachinohe,,M. Yoshizaki
28810,,Heterosiphonia,japonica,M. Yoshizaki,1965,8,2,Japan,Aomori,,Aomori,,M. Yoshizaki
28809,,Heterosiphonia,japonica,M. Yoshizaki,1965,8,2,Japan,Aomori,,Aomori,,M. Yoshizaki
28665,,Heterosiphonia,japonica,M. Yoshizaki,1965,8,2,Japan,Aomori,,Aomori,,M. Yoshizaki
166548,,Heterosiphonia,japonica,M. Hirai,1966,1,9,Japan,Aomori,,Higashidori,,
28790,,Heterosiphonia,japonica,M. Chihara,1966,3,22,Japan,Kanagawa,,Kamakura,,M. Chihara
28789,,Heterosiphonia,japonica,M. Yoshizaki,1966,3,22,Japan,Kanagawa,,Kamakura,,M. Chihara
28788,,Heterosiphonia,japonica,M. Yoshizaki,1966,3,22,Japan,Kanagawa,,Kamakura,,M. Chihara
28787,,Heterosiphonia,japonica,M. Yoshizaki,1966,3,22,Japan,Kanagawa,,Kamakura,,M. Chihara
38754,,Heterosiphonia,japonica,M. Chihara,1966,3,22,Japan,Kanagawa,,Kamakura,,M. Chihara
38755,,Heterosiphonia,japonica,M. Chihara,1966,3,22,Japan,Kanagawa,,Kamakura,,M. Chihara
28736,,Heterosiphonia,japonica,M. Chihara,1966,3,22,Japan,Kanagawa,,Kamakura,,M. Chihara
28737,,Heterosiphonia,japonica,M. Chihara,1966,3,22,Japan,Kanagawa,,Kamakura,,M. Chihara
28693,,Heterosiphonia,japonica,M. Chihara,1966,3,22,Japan,Kanagawa,,Kamakura,,M. Chihara
28676,,Heterosiphonia,japonica,M. Chihara,1966,3,22,Japan,Kanagawa,,Kamakura,,M. Chihara
28670,,Heterosiphonia,japonica,M. Chihara,1966,3,22,Japan,Kanagawa,,Kamakura,,M. Chihara
28668,,Heterosiphonia,japonica,M. Chihara,1966,3,22,Japan,Kanagawa,,Kamakura,,M. Chihara
28667,,Heterosiphonia,japonica,M. Chihara,1966,3,22,Japan,Kanagawa,,Kamakura,,M. Chihara
28662,,Heterosiphonia,japonica,M. Chihara,1966,3,22,Japan,Kanagawa,,Kamakura,,M. Chihara
166547,,Heterosiphonia,japonica,M. Chihara,1966,3,22,Japan,Kanagawa,,Kamakura,,
28664,,Heterosiphonia,japonica,M. Chihara,1966,3,23,Japan,Shizuoka,,Minami-Izu,,M. Chihara
28663,,Heterosiphonia,japonica,M. Chihara,1966,3,23,Japan,Shizuoka,,Minami-Izu,,M. Chihara
28735,,Heterosiphonia,japonica,M. Chihara,1966,3,24,Japan,Shizuoka,,Shimoda,,M. Chihara
28734,,Heterosiphonia,japonica,M. Chihara,1966,3,24,Japan,Shizuoka,,Shimoda,,M. Chihara
28731,,Heterosiphonia,japonica,M. Chihara,1966,3,24,Japan,Shizuoka,,Shimoda,,M. Chihara
28732,,Heterosiphonia,japonica,M. Chihara,1966,3,24,Japan,Shizuoka,,Shimoda,,M. Chihara
28733,,Heterosiphonia,japonica,M. Chihara,1966,3,24,Japan,Shizuoka,,Shimoda,,M. Chihara
28691,,Heterosiphonia,japonica,M. Chihara,1966,3,24,Japan,Shizuoka,,Shimoda,,M. Chihara
28687,,Heterosiphonia,japonica,M. Chihara,1966,3,24,Japan,Shizuoka,,Shimoda,,M. Chihara
28686,,Heterosiphonia,japonica,M. Chihara,1966,3,24,Japan,Shizuoka,,Shimoda,,M. Chihara
39315,,Heterosiphonia,japonica,M. Chihara,1967,1,22,Japan,Kanagawa,,Kamakura,,M. Chihara
39316,,Heterosiphonia,japonica,M. Chihara,1967,1,22,Japan,Kanagawa,,Kamakura,,M. Chihara
39317,,Heterosiphonia,japonica,M. Chihara,1967,1,22,Japan,Kanagawa,,Kamakura,,M. Chihara
39318,,Heterosiphonia,japonica,M. Chihara,1967,1,22,Japan,Kanagawa,,Kamakura,,M. Chihara
39319,,Heterosiphonia,japonica,M. Chihara,1967,1,22,Japan,Kanagawa,,Kamakura,,M. Chihara
39320,,Heterosiphonia,japonica,M. Chihara,1967,1,22,Japan,Kanagawa,,Kamakura,,M. Chihara
39321,,Heterosiphonia,japonica,M. Chihara,1967,1,22,Japan,Kanagawa,,Kamakura,,M. Chihara
39322,,Heterosiphonia,japonica,M. Chihara,1967,1,22,Japan,Kanagawa,,Kamakura,,M. Chihara
39323,,Heterosiphonia,japonica,M. Chihara,1967,1,22,Japan,Kanagawa,,Kamakura,,M. Chihara
39324,,Heterosiphonia,japonica,M. Chihara,1967,1,22,Japan,Kanagawa,,Kamakura,,M. Chihara
28823,,Heterosiphonia,japonica,M. Chihara,1967,1,22,Japan,Kanagawa,,Kamakura,,M. Chihara
28822,,Heterosiphonia,japonica,M. Chihara,1967,1,22,Japan,Kanagawa,,Kamakura,,M. Chihara
38758,,Heterosiphonia,japonica,M. Chihara,1967,1,22,Japan,Kanagawa,,Kamakura,,M. Chihara
38760,,Heterosiphonia,japonica,M. Chihara,1967,1,22,Japan,Kanagawa,,Kamakura,,M. Chihara
38761,,Heterosiphonia,japonica,M. Chihara,1967,1,22,Japan,Kanagawa,,Kamakura,,M. Chihara
38762,,Heterosiphonia,japonica,M. Chihara,1967,1,22,Japan,Kanagawa,,Kamakura,,M. Chihara
38763,,Heterosiphonia,japonica,M. Chihara,1967,1,22,Japan,Kanagawa,,Kamakura,,M. Chihara
38764,,Heterosiphonia,japonica,M. Chihara,1967,1,22,Japan,Kanagawa,,Kamakura,,M. Chihara
38765,,Heterosiphonia,japonica,M. Chihara,1967,1,22,Japan,Kanagawa,,Kamakura,,M. Chihara
28685,,Heterosiphonia,japonica,M. Chihara,1967,1,22,Japan,Kanagawa,,Kamakura,,M. Chihara
28746,,Heterosiphonia,japonica,N. Kitami,1967,3,25,Japan,Niigata,Sado,,,M. Chihara
163566,,Heterosiphonia,japonica,M. Chihara,1967,4,13,Japan,Chiba,,Ohara,,
28748,,Heterosiphonia,japonica,M. Chihara,1967,4,13,Japan,Chiba,,Ohara,,M. Chihara
28747,,Heterosiphonia,japonica,M. Chihara,1967,4,13,Japan,Chiba,,Ohara,,M. Chihara
28694,,Heterosiphonia,japonica,M. Chihara,1967,4,13,Japan,Chiba,,Ohara,,M. Chihara
28695,,Heterosiphonia,japonica,M. Chihara,1967,4,13,Japan,Chiba,,Ohara,,M. Chihara
28671,,Heterosiphonia,japonica,H. Kawase,1967,4,26,Japan,Chiba,,Ohara,,M. Chihara
168723,,Heterosiphonia,japonica,,1967,7,28,Japan,Aomori,,Fukaura,,M. Yoshizaki
168729,,Heterosiphonia,japonica,,1967,8,3,Japan,Aomori,,Tsuchiya,,M. Yoshizaki
168730,,Heterosiphonia,japonica,,1967,8,3,Japan,Aomori,,Tsuchiya,,M. Yoshizaki
28721,,Heterosiphonia,japonica,M. Chihara,1967,8,6,Japan,Aomori,,Tsuchiya,,M. Chihara
28722,,Heterosiphonia,japonica,M. Chihara,1967,8,6,Japan,Aomori,,Tsuchiya,,M. Chihara
168737,,Heterosiphonia,japonica,M. Yoshizaki,1967,8,6,Japan,Aomori,,Tsuchiya,,M. Yoshizaki
168738,,Heterosiphonia,japonica,M. Yoshizaki,1967,8,6,Japan,Aomori,,Tsuchiya,,M. Yoshizaki
168739,,Heterosiphonia,japonica,M. Yoshizaki,1967,8,6,Japan,Aomori,,Tsuchiya,,M. Yoshizaki
168740,,Heterosiphonia,japonica,M. Yoshizaki,1967,8,6,Japan,Aomori,,Tsuchiya,,M. Yoshizaki
168744,,Heterosiphonia,japonica,M. Yoshizaki,1967,8,6,Japan,Aomori,,Tsuchiya,,M. Yoshizaki
39325,,Heterosiphonia,japonica,M. Chihara,1968,3,3,Japan,Kanagawa,,Kamakura,,M. Chihara
39326,,Heterosiphonia,japonica,M. Chihara,1968,3,3,Japan,Kanagawa,,Kamakura,,M. Chihara
39327,,Heterosiphonia,japonica,M. Chihara,1968,3,3,Japan,Kanagawa,,Kamakura,,M. Chihara
39328,,Heterosiphonia,japonica,M. Chihara,1968,3,3,Japan,Kanagawa,,Kamakura,,M. Chihara
39329,,Heterosiphonia,japonica,M. Chihara,1968,3,3,Japan,Kanagawa,,Kamakura,,M. Chihara
39330,,Heterosiphonia,japonica,M. Chihara,1968,3,3,Japan,Kanagawa,,Kamakura,,M. Chihara
39331,,Heterosiphonia,japonica,M. Chihara,1968,3,3,Japan,Kanagawa,,Kamakura,,M. Chihara
39332,,Heterosiphonia,japonica,M. Chihara,1968,3,3,Japan,Kanagawa,,Kamakura,,M. Chihara
39333,,Heterosiphonia,japonica,M. Chihara,1968,3,3,Japan,Kanagawa,,Kamakura,,M. Chihara
39334,,Heterosiphonia,japonica,M. Chihara,1968,3,3,Japan,Kanagawa,,Kamakura,,M. Chihara
39335,,Heterosiphonia,japonica,M. Chihara,1968,3,3,Japan,Kanagawa,,Kamakura,,M. Chihara
39336,,Heterosiphonia,japonica,M. Chihara,1968,3,3,Japan,Kanagawa,,Kamakura,,M. Chihara
39337,,Heterosiphonia,japonica,M. Chihara,1968,3,3,Japan,Kanagawa,,Kamakura,,M. Chihara
39338,,Heterosiphonia,japonica,M. Chihara,1968,3,3,Japan,Kanagawa,,Kamakura,,M. Chihara
39339,,Heterosiphonia,japonica,M. Chihara,1968,3,3,Japan,Kanagawa,,Kamakura,,M. Chihara
39340,,Heterosiphonia,japonica,M. Chihara,1968,3,3,Japan,Kanagawa,,Kamakura,,M. Chihara
28751,,Heterosiphonia,japonica,M. Chihara,1968,3,3,Japan,Kanagawa,,Kamakura,,M. Chihara
28750,,Heterosiphonia,japonica,M. Chihara,1968,3,3,Japan,Kanagawa,,Kamakura,,M. Chihara
28729,,Heterosiphonia,japonica,M. Chihara,1968,3,3,Japan,Kanagawa,,Kamakura,,M. Chihara
28730,,Heterosiphonia,japonica,M. Chihara,1968,3,3,Japan,Kanagawa,,Kamakura,,M. Chihara
28727,,Heterosiphonia,japonica,M. Chihara,1968,3,3,Japan,Kanagawa,,Kamakura,,M. Chihara
28728,,Heterosiphonia,japonica,M. Chihara,1968,3,3,Japan,Kanagawa,,Kamakura,,M. Chihara
28725,,Heterosiphonia,japonica,M. Chihara,1968,3,3,Japan,Kanagawa,,Kamakura,,M. Chihara
28726,,Heterosiphonia,japonica,M. Chihara,1968,3,3,Japan,Kanagawa,,Kamakura,,M. Chihara
28723,,Heterosiphonia,japonica,M. Chihara,1968,3,3,Japan,Kanagawa,,Kamakura,,M. Chihara
28724,,Heterosiphonia,japonica,M. Chihara,1968,3,3,Japan,Kanagawa,,Kamakura,,M. Chihara
28720,,Heterosiphonia,japonica,M. Chihara,1968,3,3,Japan,Kanagawa,,Kamakura,,M. Chihara
28719,,Heterosiphonia,japonica,M. Chihara,1968,3,3,Japan,Kanagawa,,Kamakura,,M. Chihara
28718,,Heterosiphonia,japonica,M. Chihara,1968,3,3,Japan,Kanagawa,,Kamakura,,M. Chihara
28717,,Heterosiphonia,japonica,M. Chihara,1968,3,3,Japan,Kanagawa,,Kamakura,,M. Chihara
28716,,Heterosiphonia,japonica,M. Chihara,1968,3,3,Japan,Kanagawa,,Kamakura,,M. Chihara
28715,,Heterosiphonia,japonica,M. Chihara,1968,3,3,Japan,Kanagawa,,Kamakura,,M. Chihara
28713,,Heterosiphonia,japonica,M. Chihara,1968,3,3,Japan,Kanagawa,,Kamakura,,M. Chihara
28714,,Heterosiphonia,japonica,M. Chihara,1968,3,3,Japan,Kanagawa,,Kamakura,,M. Chihara
28712,,Heterosiphonia,japonica,M. Chihara,1968,3,3,Japan,Kanagawa,,Kamakura,,M. Chihara
28708,,Heterosiphonia,japonica,M. Chihara,1968,3,3,Japan,Kanagawa,,Kamakura,,M. Chihara
28709,,Heterosiphonia,japonica,M. Chihara,1968,3,3,Japan,Kanagawa,,Kamakura,,M. Chihara
28706,,Heterosiphonia,japonica,M. Chihara,1968,3,3,Japan,Kanagawa,,Kamakura,,M. Chihara
28707,,Heterosiphonia,japonica,M. Chihara,1968,3,3,Japan,Kanagawa,,Kamakura,,M. Chihara
28704,,Heterosiphonia,japonica,M. Chihara,1968,3,3,Japan,Kanagawa,,Kamakura,,M. Chihara
28705,,Heterosiphonia,japonica,M. Chihara,1968,3,3,Japan,Kanagawa,,Kamakura,,M. Chihara
28703,,Heterosiphonia,japonica,M. Chihara,1968,3,3,Japan,Kanagawa,,Kamakura,,M. Chihara
28702,,Heterosiphonia,japonica,M. Chihara,1968,3,3,Japan,Kanagawa,,Kamakura,,M. Chihara
28701,,Heterosiphonia,japonica,M. Chihara,1968,3,3,Japan,Kanagawa,,Kamakura,,M. Chihara
28700,,Heterosiphonia,japonica,M. Chihara,1968,3,3,Japan,Kanagawa,,Kamakura,,M. Chihara
28699,,Heterosiphonia,japonica,M. Chihara,1968,3,3,Japan,Kanagawa,,Kamakura,,M. Chihara
28698,,Heterosiphonia,japonica,M. Chihara,1968,3,3,Japan,Kanagawa,,Kamakura,,M. Chihara
28681,,Heterosiphonia,japonica,M. Chihara,1968,3,3,Japan,Kanagawa,,Kamakura,,M. Chihara
28680,,Heterosiphonia,japonica,M. Chihara,1968,3,3,Japan,Kanagawa,,Kamakura,,M. Chihara
28679,,Heterosiphonia,japonica,M. Chihara,1968,3,3,Japan,Kanagawa,,Kamakura,,M. Chihara
28678,,Heterosiphonia,japonica,M. Chihara,1968,3,3,Japan,Kanagawa,,Kamakura,,M. Chihara
28677,,Heterosiphonia,japonica,M. Chihara,1968,3,3,Japan,Kanagawa,,Kamakura,,M. Chihara
166549,,Heterosiphonia,japonica,,1968,3,3,Japan,Kanagawa,,Kamakura,,
28828,,Heterosiphonia,japonica,M. Chihara,1968,3,17,Japan,Aomori,,Higashidori,,M. Chihara
28826,,Heterosiphonia,japonica,M. Chihara,1968,3,17,Japan,Aomori,,Higashidori,,M. Chihara
28825,,Heterosiphonia,japonica,M. Chihara,1968,3,17,Japan,Aomori,,Higashidori,,M. Chihara
28824,,Heterosiphonia,japonica,M. Chihara,1968,3,17,Japan,Aomori,,Higashidori,,M. Chihara
39341,,Heterosiphonia,japonica,M. Chihara,1968,3,31,Japan,Kanagawa,,Kamakura,,M. Chihara
39342,,Heterosiphonia,japonica,M. Chihara,1968,3,31,Japan,Kanagawa,,Kamakura,,M. Chihara
28684,,Heterosiphonia,japonica,M. Chihara,1968,3,31,Japan,Kanagawa,,Kamakura,,M. Chihara
28683,,Heterosiphonia,japonica,M. Chihara,1968,3,31,Japan,Kanagawa,,Kamakura,,M. Chihara
28682,,Heterosiphonia,japonica,M. Chihara,1968,3,31,Japan,Kanagawa,,Kamakura,,M. Chihara
28697,,Heterosiphonia,japonica,M. Chihara,1968,4,17,Japan,Kanagawa,,Kamakura,,M. Chihara
39343,,Heterosiphonia,japonica,M. Chihara,1968,5,11,Japan,Chiba,,Shirahama,,M. Chihara
28760,,Heterosiphonia,japonica,M. Chihara,1968,5,11,Japan,Chiba,,Shirahama,,M. Chihara
28759,,Heterosiphonia,japonica,M. Chihara,1968,5,11,Japan,Chiba,,Shirahama,,M. Chihara
28739,,Heterosiphonia,japonica,M. Chihara,1968,5,11,Japan,Chiba,,Shirahama,,M. Chihara
28761,,Heterosiphonia,japonica,M. Chihara,1968,5,29,Japan,Chiba,,Shirahama,,M. Chihara
28744,,Heterosiphonia,japonica,M. Chihara,1968,5,29,Japan,Chiba,,Shirahama,,M. Chihara
28745,,Heterosiphonia,japonica,M. Chihara,1968,5,29,Japan,Chiba,,Shirahama,,M. Chihara
28742,,Heterosiphonia,japonica,M. Chihara,1968,5,29,Japan,Chiba,,Shirahama,,M. Chihara
28743,,Heterosiphonia,japonica,M. Chihara,1968,5,29,Japan,Chiba,,Shirahama,,M. Chihara
28740,,Heterosiphonia,japonica,M. Chihara,1968,5,29,Japan,Chiba,,Shirahama,,M. Chihara
28741,,Heterosiphonia,japonica,M. Chihara,1968,5,29,Japan,Chiba,,Shirahama,,M. Chihara
28738,,Heterosiphonia,japonica,M. Chihara,1968,5,29,Japan,Chiba,,Shirahama,,M. Chihara
28755,,Heterosiphonia,japonica,M. Chihara,1969,3,17,Japan,Nagasaki,,"Iduhara, Tsushima",,M. Chihara
28821,,Heterosiphonia,japonica,M. Chihara,1969,4,6,Japan,Chiba,,Shirahama,,M. Chihara
28820,,Heterosiphonia,japonica,M. Chihara,1969,4,6,Japan,Chiba,,Shirahama,,M. Chihara
28819,,Heterosiphonia,japonica,M. Chihara,1969,4,6,Japan,Chiba,,Shirahama,,M. Chihara
28818,,Heterosiphonia,japonica,M. Chihara,1969,4,6,Japan,Chiba,,Shirahama,,M. Chihara
28817,,Heterosiphonia,japonica,M. Chihara,1969,4,6,Japan,Chiba,,Shirahama,,M. Chihara
28749,,Heterosiphonia,japonica,M. Chihara,1969,4,7,Japan,Chiba,,Tateyama,,M. Chihara
28758,,Heterosiphonia,japonica,T. Habe,1969,7,13,Japan,Tottori,,,,M. Chihara
28757,,Heterosiphonia,japonica,T. Habe,1969,7,13,Japan,Tottori,,,,M. Chihara
28756,,Heterosiphonia,japonica,T. Habe,1969,7,13,Japan,Tottori,,,,M. Chihara
28786,,Heterosiphonia,japonica,M. Yoshizaki,1970,3,9,Japan,Chiba,,Shirahama,,M. Chihara
28785,,Heterosiphonia,japonica,M. Yoshizaki,1970,3,9,Japan,Chiba,,Shirahama,,M. Chihara
28781,,Heterosiphonia,japonica,M. Yoshizaki,1970,3,9,Japan,Chiba,,Shirahama,,M. Chihara
28780,,Heterosiphonia,japonica,M. Yoshizaki,1970,3,9,Japan,Chiba,,Shirahama,,M. Chihara
28779,,Heterosiphonia,japonica,M. Yoshizaki,1970,3,9,Japan,Chiba,,Shirahama,,M. Chihara
28778,,Heterosiphonia,japonica,M. Yoshizaki,1970,3,9,Japan,Chiba,,Shirahama,,M. Chihara
28766,,Heterosiphonia,japonica,M. Yoshizaki,1970,3,9,Japan,Chiba,,Shirahama,,M. Chihara
28765,,Heterosiphonia,japonica,M. Yoshizaki,1970,3,9,Japan,Chiba,,Shirahama,,M. Chihara
28764,,Heterosiphonia,japonica,M. Yoshizaki,1970,3,9,Japan,Chiba,,Shirahama,,M. Chihara
28791,,Heterosiphonia,japonica,M. Yoshizaki,1970,3,25,Japan,Chiba,,Shirahama,,M. Chihara
28784,,Heterosiphonia,japonica,M. Yoshizaki,1970,3,25,Japan,Chiba,,Shirahama,,M. Chihara
28783,,Heterosiphonia,japonica,M. Yoshizaki,1970,3,25,Japan,Chiba,,Shirahama,,M. Chihara
28782,,Heterosiphonia,japonica,M. Yoshizaki,1970,3,25,Japan,Chiba,,Shirahama,,M. Chihara
168851,,Heterosiphonia,japonica,,1970,3,25,Japan,Shizuoka,,Shimoda,,M. Yoshizaki
28816,,Heterosiphonia,japonica,Ogawa,1970,4,,Japan,Kanagawa,,Miura,,M. Chihara
28776,,Heterosiphonia,japonica,S. Hiraide,1971,1,11,Japan,Mie,,,,M. Chihara
28775,,Heterosiphonia,japonica,S. Hiraide,1971,1,11,Japan,Mie,,,,M. Chihara
28754,,Heterosiphonia,japonica,S. Hiraide,1971,1,11,Japan,Mie,,,,M. Chihara
28753,,Heterosiphonia,japonica,S. Hiraide,1971,1,11,Japan,Mie,,,,M. Chihara
28815,,Heterosiphonia,japonica,M. Chihara,1971,2,12,Japan,Kanagawa,,Kamakura,,M. Chihara
28811,,Heterosiphonia,japonica,M. Chihara,1971,2,12,Japan,Kanagawa,,Kamakura,,M. Chihara
28774,,Heterosiphonia,japonica,M. Chihara,1971,2,12,Japan,Kanagawa,,Kamakura,,M. Chihara
28773,,Heterosiphonia,japonica,M. Chihara,1971,2,12,Japan,Kanagawa,,Kamakura,,M. Chihara
28772,,Heterosiphonia,japonica,M. Chihara,1971,2,12,Japan,Kanagawa,,Kamakura,,M. Chihara
28771,,Heterosiphonia,japonica,M. Chihara,1971,2,12,Japan,Kanagawa,,Kamakura,,M. Chihara
28770,,Heterosiphonia,japonica,M. Chihara,1971,2,12,Japan,Kanagawa,,Kamakura,,M. Chihara
28769,,Heterosiphonia,japonica,M. Chihara,1971,2,12,Japan,Kanagawa,,Kamakura,,M. Chihara
28768,,Heterosiphonia,japonica,M. Chihara,1971,2,12,Japan,Kanagawa,,Kamakura,,M. Chihara
28767,,Heterosiphonia,japonica,M. Chihara,1971,2,12,Japan,Kanagawa,,Kamakura,,M. Chihara
28752,,Heterosiphonia,japonica,M. Chihara,1971,2,12,Japan,Kanagawa,,Kamakura,,M. Chihara
38756,,Heterosiphonia,japonica,M. Chihara,1971,2,12,Japan,Kanagawa,,Kamakura,,
38757,,Heterosiphonia,japonica,M. Chihara,1971,2,12,Japan,Kanagawa,,Kamakura,,
28814,,Heterosiphonia,japonica,S. Hiraide,1971,3,13,Japan,Mie,,Hamashima,,M. Chihara
28813,,Heterosiphonia,japonica,S. Hiraide,1971,3,13,Japan,Mie,,Hamashima,,M. Chihara
28806,,Heterosiphonia,japonica,S. Hiraide,1971,3,13,Japan,Mie,,Hamashima,,M. Chihara
28805,,Heterosiphonia,japonica,S. Hiraide,1971,3,13,Japan,Mie,,Hamashima,,M. Chihara
28804,,Heterosiphonia,japonica,S. Hiraide,1971,3,13,Japan,Mie,,Hamashima,,M. Chihara
28803,,Heterosiphonia,japonica,S. Hiraide,1971,3,13,Japan,Mie,,Hamashima,,M. Chihara
28802,,Heterosiphonia,japonica,S. Hiraide,1971,3,13,Japan,Mie,,Hamashima,,M. Chihara
28801,,Heterosiphonia,japonica,S. Hiraide,1971,3,13,Japan,Mie,,Hamashima,,M. Chihara
28800,,Heterosiphonia,japonica,S. Hiraide,1971,3,13,Japan,Mie,,Hamashima,,M. Chihara
28799,,Heterosiphonia,japonica,S. Hiraide,1971,3,13,Japan,Mie,,Hamashima,,M. Chihara
28798,,Heterosiphonia,japonica,S. Hiraide,1971,3,13,Japan,Mie,,Hamashima,,M. Chihara
28797,,Heterosiphonia,japonica,S. Hiraide,1971,3,13,Japan,Mie,,Hamashima,,M. Chihara
28796,,Heterosiphonia,japonica,S. Hiraide,1971,3,13,Japan,Mie,,Hamashima,,M. Chihara
28795,,Heterosiphonia,japonica,S. Hiraide,1971,3,13,Japan,Mie,,Hamashima,,M. Chihara
28794,,Heterosiphonia,japonica,S. Hiraide,1971,3,13,Japan,Mie,,Hamashima,,M. Chihara
28793,,Heterosiphonia,japonica,M. Chihara,1971,3,13,Japan,Mie,,Hamashima,,M. Chihara
28792,,Heterosiphonia,japonica,S. Hiraide,1971,3,13,Japan,Mie,,Hamashima,,M. Chihara
28777,,Heterosiphonia,japonica,T. Mukohda,1971,3,15,Japan,Kanagawa,,Kamakura,,
28812,,Heterosiphonia,japonica,S. Hiraide,1971,4,28,Japan,Chiba,,Ohara,,M. Chihara
28808,,Heterosiphonia,japonica,S. Hiraide,1971,4,28,Japan,Chiba,,Ohara,,M. Chihara
28807,,Heterosiphonia,japonica,S. Hiraide,1971,4,28,Japan,Chiba,,Ohara,,M. Chihara
28827,,Heterosiphonia,japonica,M. Chihara,1972,4,14,Japan,Kanagawa,,Miura,,M. Chihara
163902,,Heterosiphonia,japonica,M. Nakaniwa,1974,8,9,Japan,Ibaraki,,Kitaibaraki,,M. Nakaniwa
45160,,Heterosiphonia,japonica,M. Yoshizaki,1978,4,22,Japan,Wakayama,,Kushimoto,,
45161,,Heterosiphonia,japonica,M. Yoshizaki,1978,4,22,Japan,Wakayama,,Kushimoto,,
166544,,Heterosiphonia,japonica,M. Chihara,1980,4,4,Japan,Shizuoka,,Shimoda,,
166558,,Heterosiphonia,japonica,M. Chihara,1980,4,12,Japan,Shizuoka,,Shimoda,,
166559,,Heterosiphonia,japonica,M. Chihara,1980,4,12,Japan,Shizuoka,,Shimoda,,
166560,,Heterosiphonia,japonica,M. Chihara,1980,4,12,Japan,Shizuoka,,Shimoda,,
166561,,Heterosiphonia,japonica,M. Chihara,1980,4,12,Japan,Shizuoka,,Shimoda,,
166550,,Heterosiphonia,japonica,M. Chihara,1980,4,17,Japan,Shizuoka,,,,
166551,,Heterosiphonia,japonica,M. Chihara,1980,4,17,Japan,Shizuoka,,,,
166552,,Heterosiphonia,japonica,M. Chihara,1980,4,17,Japan,Shizuoka,,,,
166553,,Heterosiphonia,japonica,M. Chihara,1980,4,17,Japan,Shizuoka,,,,
166554,,Heterosiphonia,japonica,M. Chihara,1980,4,17,Japan,Shizuoka,,,,
166555,,Heterosiphonia,japonica,M. Chihara,1980,4,19,Japan,Shizuoka,,Shimoda,,
176742,,Heterosiphonia,japonica,K. Matsue,1980,**,**,Japan,Shizuoka,,Minamiizu,,K. Matsue
166556,,Heterosiphonia,japonica,M. Chihara,1981,2,4,Japan,Kanagawa,,Kamakura,,
166557,,Heterosiphonia,japonica,M. Chihara,1981,2,4,Japan,Kanagawa,,Kamakura,,
162589,,Heterosiphonia,japonica,S. Mitani,1982,12,7,Japan,Kagawa,,Takamatsu,,T. Kitayama
173908,,Heterosiphonia,japonica,K. Matsue,1983,4,2,Japan,Shizuoka,,Shimoda,,K. Matsue
173909,,Heterosiphonia,japonica,K. Matsue,1983,4,2,Japan,Shizuoka,,Shimoda,,K. Matsue
173913,,Heterosiphonia,japonica,K. Matsue,1983,4,2,Japan,Shizuoka,,Shimoda,,K. Matsue
173925,,Heterosiphonia,japonica,K. Matsue,1983,4,2,Japan,Shizuoka,,Shimoda,,K. Matsue
173987,,Heterosiphonia,japonica,K. Matsue,1983,4,2,Japan,Shizuoka,,Shimoda,,K. Matsue
173910,,Heterosiphonia,japonica,K. Matsue,1983,4,4,Japan,Shizuoka,,Shimoda,,
173893,,Heterosiphonia,japonica,K. Matsue,1983,4,5,Japan,Shizuoka,,Shimoda,,
173894,,Heterosiphonia,japonica,K. Matsue,1983,4,5,Japan,Shizuoka,,Shimoda,,
154261,,Heterosiphonia,japonica,M. Tsumura,1984,3,18,Japan,Mie,Shinju-jima,Toba,,M. Tsumura
176735,,Heterosiphonia,japonica,K. Matsue,1984,**,**,Japan,Shizuoka,,Shimoda,,K. Matsue
170717,,Heterosiphonia,japonica,K. Ikehara,1987,4,27,Japan,Niigata,,Niigata,,T. Yoshida
150009,,Heterosiphonia,japonica,H. Tanaka,1987,4,29,Japan,Hiroshima,,Hiroshima,,H. Tanaka
44401,,Heterosiphonia,japonica,T. Kitayama,1988,1,20,Japan,Aomori,,Ohma,,T. Kitayama
155604,,Heterosiphonia,japonica,T. Kitayama,1988,4,16,Japan,Ehime,,,,T. Kitayama
162615,,Heterosiphonia,japonica,S. Mitani,1991,3,7,Japan,Kagawa,,Takamatsu,,T. Kitayama
162616,,Heterosiphonia,japonica,S. Mitani,1991,3,7,Japan,Kagawa,,Takamatsu,,T. Kitayama
162617,,Heterosiphonia,japonica,S. Mitani,1991,3,7,Japan,Kagawa,,Takamatsu,,T. Kitayama
162635,,Heterosiphonia,japonica,S. Mitani,1991,3,13,Japan,Kagawa,,Takamatsu,,T. Kitayama
162657,,Heterosiphonia,japonica,S. Mitani,1991,3,17,Japan,Kagawa,,Takamatsu,,T. Kitayama
162661,,Heterosiphonia,japonica,S. Mitani,1991,3,17,Japan,Kagawa,,Takamatsu,,T. Kitayama
162719,,Heterosiphonia,japonica,S. Mitani,1991,3,24,Japan,Kagawa,,Shido,,T. Kitayama
162733,,Heterosiphonia,japonica,S. Mitani,1991,3,25,Japan,Kagawa,,Takamatsu,,T. Kitayama
162734,,Heterosiphonia,japonica,S. Mitani,1991,3,25,Japan,Kagawa,,Takamatsu,,T. Kitayama
162754,,Heterosiphonia,japonica,S. Mitani,1991,3,31,Japan,Kagawa,,Uchinomi,,T. Kitayama
162764,,Heterosiphonia,japonica,S. Mitani,1991,4,28,Japan,Kagawa,,Takamatsu,,T. Kitayama
48617,,Heterosiphonia,japonica,S. Enomoto,1994,6,3,Japan,Yamaguchi,Hando-jima,,,T. Yoshida
175123,,Heterosiphonia,japonica,S. Yada,1994,**,**,Japan,Niigata,Sado,Sado,,M. Yoshizaki
163055,,Heterosiphonia,japonica,S. Mitani,1995,4,10,Japan,Kagawa,,,,T. Kitayama
176285,,Heterosiphonia,japonica,M. Yoshizaki,1995,**,**,Japan,Iwate,,Yamada,,M. Yoshizaki
172721,,Heterosiphonia,japonica,Y. Yamaoka,1996,4,4,Japan,Chiba,,Kominato,,T. Kitayama
172722,,Heterosiphonia,japonica,Y. Yamaoka,1996,4,4,Japan,Chiba,,Kominato,,T. Kitayama
49459,,Heterosiphonia,japonica,T. Kitayama,1998,3,13,Japan,Nagasaki,,Fukue,,T. Kitayama
49470,,Heterosiphonia,japonica,T. Kitayama,1998,3,13,Japan,Nagasaki,,Fukue,,T. Kitayama
49471,,Heterosiphonia,japonica,T. Kitayama,1998,3,13,Japan,Nagasaki,,Fukue,,T. Kitayama
49472,,Heterosiphonia,japonica,T. Kitayama,1998,3,13,Japan,Nagasaki,,Fukue,,T. Kitayama
49473,,Heterosiphonia,japonica,T. Kitayama,1998,3,13,Japan,Nagasaki,,Fukue,,T. Kitayama
153062,,Heterosiphonia,japonica,T. Kitayama,1998,3,13,Japan,Nagasaki,Fukue,Fukue,,T. Kitayama
46444,,Heterosiphonia,japonica,H. Tanaka,1999,4,16,Japan,Hiroshima,,Osakikamishima,,H. Tanaka
151341,,Heterosiphonia,japonica,H. Tanaka,2000,6,2,Japan,Hiroshima,,Hiroshima,,H. Tanaka
154597,,Heterosiphonia,japonica,M. Nakaniwa,2000,6,4,Japan,Ibaraki,,Takahagi,,M. Nakaniwa
163803,,Heterosiphonia,japonica,M. Nakaniwa,2000,6,4,Japan,Ibaraki,,Takahagi,,M. Nakaniwa
172683,,Heterosiphonia,japonica,T. Yokosawa,2001,2,21,Japan,Miyagi,,Onagawa,,M. Suzuki
172684,,Heterosiphonia,japonica,T. Yokosawa,2001,2,21,Japan,Miyagi,,Onagawa,,M. Suzuki
182583,,Heterosiphonia,japonica,M. Suzuki,2001,2,22,Japan,Kanagawa,,Zushi,,M. Suzuki
182584,,Heterosiphonia,japonica,M. Suzuki,2001,2,22,Japan,Kanagawa,,Zushi,,M. Suzuki
182585,,Heterosiphonia,japonica,M. Suzuki,2001,2,22,Japan,Kanagawa,,Zushi,,M. Suzuki
182586,,Heterosiphonia,japonica,M. Suzuki,2001,2,22,Japan,Kanagawa,,Zushi,,M. Suzuki
182587,,Heterosiphonia,japonica,M. Suzuki,2001,2,22,Japan,Kanagawa,,Zushi,,M. Suzuki
166825,,Heterosiphonia,japonica,M. Suzuki,2001,2,23,Japan,Kanagawa,,Kamakura,,M. Suzuki
182577,,Heterosiphonia,japonica,M. Suzuki,2001,2,23,Japan,Kanagawa,,Kamakura,,M. Suzuki
182589,,Heterosiphonia,japonica,M. Suzuki,2001,2,23,Japan,Kanagawa,,Kamakura,,M. Suzuki
182588,,Heterosiphonia,japonica,M. Suzuki,2001,2,24,Japan,Kanagawa,,Kamakura,,M. Suzuki
154621,,Heterosiphonia,japonica,M. Nakaniwa,2001,5,10,Japan,Ibaraki,,Takahagi,,M. Nakaniwa
173393,,Heterosiphonia,japonica,M. Nakaniwa,2001,5,10,Japan,Ibaraki,,Takahagi,,M. Nakaniwa
182809,,Heterosiphonia,japonica,M. Suzuki,2001,6,22,Japan,Iwate,,Yamada,,M. Suzuki
182810,,Heterosiphonia,japonica,M. Suzuki,2001,6,22,Japan,Iwate,,Yamada,,M. Suzuki
182811,,Heterosiphonia,japonica,M. Suzuki,2001,6,22,Japan,Iwate,,Yamada,,M. Suzuki
182812,,Heterosiphonia,japonica,M. Suzuki,2001,6,22,Japan,Iwate,,Yamada,,M. Suzuki
182813,,Heterosiphonia,japonica,M. Suzuki,2001,6,22,Japan,Iwate,,Yamada,,M. Suzuki
182814,,Heterosiphonia,japonica,M. Suzuki,2001,6,22,Japan,Iwate,,Yamada,,M. Suzuki
182815,,Heterosiphonia,japonica,M. Suzuki,2001,6,22,Japan,Iwate,,Yamada,,M. Suzuki
179810,,Heterosiphonia,japonica,M. Suzuki,2001,**,**,Japan,Iwate,,Yamada,,M. Suzuki
179811,,Heterosiphonia,japonica,M. Suzuki,2001,**,**,Japan,Iwate,,Yamada,,M. Suzuki
179812,,Heterosiphonia,japonica,M. Suzuki,2001,**,**,Japan,Iwate,,Yamada,,M. Suzuki
179813,,Heterosiphonia,japonica,M. Suzuki,2001,**,**,Japan,Iwate,,Yamada,,M. Suzuki
169776,,Heterosiphonia,japonica,T. Kitayama,2002,2,16,Japan,Kanagawa,,Hayama,,T. Kitayama
151342,,Heterosiphonia,japonica,H. Tanaka,2002,3,17,Japan,Hiroshima,,Hiroshima,,H. Tanaka
151343,,Heterosiphonia,japonica,H. Tanaka,2002,4,13,Japan,Hiroshima,,Hiroshima,,H. Tanaka
158834,,Heterosiphonia,japonica,T. Kitayama,2002,5,27,Japan,Ibaraki,,Hitachi,,T. Kitayama
182807,,Heterosiphonia,japonica,M. Suzuki,2002,6,22,Japan,Iwate,,Yamada,,M. Suzuki
181873,,Heterosiphonia,japonica,M. Nakaniwa,2002,6,24,Japan,Ibaraki,,Takahagi,,M. Nakaniwa
182808,,Heterosiphonia,japonica,M. Suzuki,2002,6,25,Japan,Iwate,,Yamada,,M. Suzuki
166823,,Heterosiphonia,japonica,M. Suzuki,2002,7,28,Japan,Niigata,,Ryotsu,,M. Suzuki
179822,,Heterosiphonia,japonica,M. Suzuki,2002,**,**,Japan,Hokkaido,,Muroran,,M. Suzuki
166824,,Heterosiphonia,japonica,M. Suzuki,2003,3,6,Japan,Niigata,Sado,Aikawa,,M. Suzuki
182582,,Heterosiphonia,japonica,M. Suzuki,2003,3,6,Japan,Niigata,Sado,Aikawa,,M. Suzuki
182581,,Heterosiphonia,japonica,M. Suzuki,2003,7,23,Japan,Niigata,Sado,Ryotsu,,M. Suzuki
163786,,Heterosiphonia,japonica,M. Nakaniwa,2003,7,29,Japan,Ibaraki,,Hitachi,,M. Nakaniwa
181875,,Heterosiphonia,japonica,M. Nakaniwa,2003,7,29,Japan,Ibaraki,,Hitachi,,M. Nakaniwa
182578,,Heterosiphonia,japonica,M. Suzuki,2005,2,24,Japan,Kanagawa,,Kamakura,,M. Suzuki
182579,,Heterosiphonia,japonica,M. Suzuki,2005,2,24,Japan,Kanagawa,,Kamakura,,M. Suzuki
164174,,Heterosiphonia,japonica,T. Yokosawa,2005,3,14,Japan,Kanagawa,,Kamakura,,T. Yokosawa
166826,,Heterosiphonia,japonica,M. Suzuki,2007,4,30,Japan,Iwate,,Yamada,,M. Suzuki
182580,,Heterosiphonia,japonica,M. Suzuki,2007,4,30,Japan,Iwate,,Yamada,,M. Suzuki
178905,,Heterosiphonia,japonica,M. Kimura,2007,**,**,Japan,Kanagawa,,Kamakura,,T. Kitayama
178981,,Heterosiphonia,japonica,M. Tanaka,2007,**,**,Japan,Kanagawa,,Kamakura,,T. Kitayama
178982,,Heterosiphonia,japonica,J. Sugiyama,2007,**,**,Japan,Kanagawa,,Kamakura,,T. Kitayama
179022,,Heterosiphonia,japonica,M. Tanaka,2008,**,**,Japan,Kanagawa,,Kamakura,,T. Kitayama
179539,,Heterosiphonia,japonica,J. Sugiyama,2010,**,**,Japan,Kanagawa,,Kamakura,,T. Kitayama
181468,,Heterosiphonia,japonica,T. Kitayama,2013,4,26,Japan,Chiba,,Isumi,,T. Kitayama
