id,institutionCode,collectionCode,ownerInstitutionCode,basisOfRecord,occurrenceID,catalogNumber,otherCatalogNumbers,kingdom,phylum,class,order,family,scientificName,taxonID,scientificNameAuthorship,genus,specificEpithet,taxonRank,infraspecificEpithet,identifiedBy,dateIdentified,identificationReferences,identificationRemarks,taxonRemarks,identificationQualifier,typeStatus,recordedBy,recordedByID,associatedCollectors,recordNumber,eventDate,year,month,day,startDayOfYear,endDayOfYear,verbatimEventDate,occurrenceRemarks,habitat,substrate,verbatimAttributes,fieldNumber,informationWithheld,dataGeneralizations,dynamicProperties,associatedTaxa,reproductiveCondition,establishmentMeans,cultivationStatus,lifeStage,sex,individualCount,samplingProtocol,samplingEffort,preparations,country,stateProvince,county,municipality,locality,locationRemarks,localitySecurity,localitySecurityReason,decimalLatitude,decimalLongitude,geodeticDatum,coordinateUncertaintyInMeters,verbatimCoordinates,georeferencedBy,georeferenceProtocol,georeferenceSources,georeferenceVerificationStatus,georeferenceRemarks,minimumElevationInMeters,maximumElevationInMeters,minimumDepthInMeters,maximumDepthInMeters,verbatimDepth,verbatimElevation,disposition,language,recordEnteredBy,modified,sourcePrimaryKey-dbpk,collId,recordId,references
164785,NHA,,,PreservedSpecimen,7360618a-7417-46f2-840c-419e8d7cad36,NHA-728977,44200,Plantae,Rhodophyta,Florideophyceae,Ceramiales,Dasyaceae,Heterosiphonia japonica,43714,Yendo,Heterosiphonia,japonica,,,,,,,,,,A. C. Mathieson,,,,8/10/1979,1979,8,10,222,,,,,,,,,,,,,,,,,,,,,United States,California,Santa Barbara,Santa Barbara,"Naples Reef, SCUBA, Santa Barbara, CA",,0,,34.422222,-119.952774,,2107,,hmt (2015-01-07 19:42:39),,georef batch tool 2015-01-07; GeoLocate,reviewed - high confidence,,6,12,,,,20-40 feet,,,James Lydecker,4/19/2017 11:57,NHA-728977,1,urn:uuid:7360618a-7417-46f2-840c-419e8d7cad36,https://macroalgae.org:443/portal/collections/individual/index.php?occid=164785
154594,NY,,,PreservedSpecimen,,2214171,,Plantae,Rhodophyta,Florideophyceae,Ceramiales,Dasyaceae,Heterosiphonia japonica,43714,Yendo,Heterosiphonia,japonica,,,,,,,,,,,,,,,,,,,,,,,,,,,,,,,,,,,,,,,,,,,,,0,,,,,,,,,,,,,,,,,,,,,1/8/2015 13:13,2214171,2,urn:uuid:ad80891f-7448-42e3-bbd9-b5f11ace00cb,https://macroalgae.org:443/portal/collections/individual/index.php?occid=154594
154595,NY,,,PreservedSpecimen,,2214170,,Plantae,Rhodophyta,Florideophyceae,Ceramiales,Dasyaceae,Heterosiphonia japonica,43714,Yendo,Heterosiphonia,japonica,,,,,,,,,,,,,,,,,,,,,,,,,,,,,,,,,,,,,,,,,,,,,0,,,,,,,,,,,,,,,,,,,,,1/8/2015 13:13,2214170,2,urn:uuid:80731a95-e0c9-4ad7-ad13-c679ed3d2e9a,https://macroalgae.org:443/portal/collections/individual/index.php?occid=154595
154596,NY,,,PreservedSpecimen,,2214169,,Plantae,Rhodophyta,Florideophyceae,Ceramiales,Dasyaceae,Heterosiphonia japonica,43714,Yendo,Heterosiphonia,japonica,,,,,,,,,,,,,,,,,,,,,,,,,,,,,,,,,,,,,,,,,,,,,0,,,,,,,,,,,,,,,,,,,,,1/8/2015 13:13,2214169,2,urn:uuid:84e17958-0c78-4ea5-bdcd-b4d60534f690,https://macroalgae.org:443/portal/collections/individual/index.php?occid=154596
154597,NY,,,PreservedSpecimen,,2214168,,Plantae,Rhodophyta,Florideophyceae,Ceramiales,Dasyaceae,Heterosiphonia japonica,43714,Yendo,Heterosiphonia,japonica,,,,,,,,,,,,,,,,,,,,,,,,,,,,,,,,,,,,,,,,,,,,,0,,,,,,,,,,,,,,,,,,,,,1/8/2015 13:13,2214168,2,urn:uuid:50cf8e93-7ac4-455c-a41c-5f2631ed04fb,https://macroalgae.org:443/portal/collections/individual/index.php?occid=154597
154598,NY,,,PreservedSpecimen,,2214167,,Plantae,Rhodophyta,Florideophyceae,Ceramiales,Dasyaceae,Heterosiphonia japonica,43714,Yendo,Heterosiphonia,japonica,,,,,,,,,,,,,,,,,,,,,,,,,,,,,,,,,,,,,,,,,,,,,0,,,,,,,,,,,,,,,,,,,,,1/8/2015 13:13,2214167,2,urn:uuid:bf72385b-8f77-4c4a-be94-f9510375c063,https://macroalgae.org:443/portal/collections/individual/index.php?occid=154598
559873,NY,,,PreservedSpecimen,,2347677,,Plantae,Rhodophyta,Florideophyceae,Ceramiales,Dasyaceae,Heterosiphonia japonica,43714,Yendo,Heterosiphonia,japonica,,,,,,,,,,,,,,,,,,,,,,,,,,,,,,,,,,,,,,,,,,,,,0,,,,,,,,,,,,,,,,,,,,,10/14/2015 14:34,2347677,2,urn:uuid:e97a433e-1c0d-4169-b642-016cd224c302,https://macroalgae.org:443/portal/collections/individual/index.php?occid=559873
272046,NCU,,,PreservedSpecimen,9d5dc249-5d2f-4080-9006-b16ca956ffbe,NCU-A-0016500,618115,Plantae,Rhodophyta,Florideophyceae,Ceramiales,Dasyaceae,Heterosiphonia japonica,43714,Yendo,Heterosiphonia,japonica,,,"Yoshizaki, Makoto",1971,,,,,,"Yoshizaki, Makoto",,,7-090(2),4/25/1971,1971,4,25,115,,,,,,,,,,,,,,0,,,,,,,Japan,Chiba,,Ohara,"Ohara, Chiba",,0,,35.250561,140.405649,,3036,,liane (2015-05-17 17:54:12),,georef batch tool 2015-05-17; GeoLocate,reviewed - high confidence,,,,,,,,,,wpmarinello,10/12/2015 15:02,,3,urn:uuid:9d5dc249-5d2f-4080-9006-b16ca956ffbe,https://macroalgae.org:443/portal/collections/individual/index.php?occid=272046
272047,NCU,,,PreservedSpecimen,4d1519c2-bbe7-42ff-a939-c575e8a0f156,NCU-A-0016501,618116,Plantae,Rhodophyta,Florideophyceae,Ceramiales,Dasyaceae,Heterosiphonia japonica,43714,Yendo,Heterosiphonia,japonica,,,"Yoshizaki, Makoto",1968,,,,,,"Yoshizaki, Makoto",,,7-090(1),3/17/1968,1968,3,17,77,,,,,,,,,,,,,,0,,,,,,,Japan,Aomori,,Shiranuka,"Shiranuka, Aomori, Shimokita",,0,,41.133333,141.4,,3036,,carol ann mccormick (2015-02-13 12:51:42),,georef batch tool 2015-02-13; GeoLocate,reviewed - high confidence,,,,,,,,,,wpmarinello,10/12/2015 15:02,,3,urn:uuid:4d1519c2-bbe7-42ff-a939-c575e8a0f156,https://macroalgae.org:443/portal/collections/individual/index.php?occid=272047
703013,MICH,,,PreservedSpecimen,8c8d6de7-d119-40cc-8a0e-bda0237dd549,723068,"Enomoto, Yoshida, Masuda & Kawai, Marine Benth. Algae Seto Japon. 046",Plantae,Rhodophyta,Florideophyceae,Ceramiales,Dasyaceae,Heterosiphonia japonica,43714,Yendo,Heterosiphonia,japonica,,,,,,,,,,S. Enomoto,,,3414,6/3/1994,1994,6,3,154,,,,,,,,,,,,,,,,,,,,,Japan,Yamaguchi-ken,,,"Hando-jima, Heigun-to",,0,,33.775,132.175,,,33? 46.5' N 132? 10.5' E,,,,,,,,,,,,,,C. Davey,6/29/2015 12:03,,5,urn:uuid:8c8d6de7-d119-40cc-8a0e-bda0237dd549,https://macroalgae.org:443/portal/collections/individual/index.php?occid=703013
817861,DUKE,,,PreservedSpecimen,7efb3e86-fa18-4911-87e7-df4d8d0a751e,212276,19384,Plantae,Rhodophyta,Florideophyceae,Ceramiales,Dasyaceae,Heterosiphonia japonica,43714,Yendo,Heterosiphonia,japonica,,,"Schneider, C.W.",,,,,,,"Schneider, C. W.",,,09-47-2,8/26/2009,2009,8,26,238,,26-Aug-09,,drift,,,,,,,,,,,,,,,,,United States,Rhode Island,Washington,,"Watch Hill Point, Napatree Beach",,0,,41.3105556,-71.8630556,,,41.3105556? -71.8630556?,,,,,,,,,,,,,,,5/15/2017 07:15,212276,7,urn:uuid:7efb3e86-fa18-4911-87e7-df4d8d0a751e,https://macroalgae.org:443/portal/collections/individual/index.php?occid=817861
792113,UC,,,PreservedSpecimen,fb70a4e6-3acc-4d50-b5e1-a0026bed5465,UC794249,,Plantae,Rhodophyta,Florideophyceae,Ceramiales,Dasyaceae,Heterosiphonia japonica,43714,Yendo,Heterosiphonia,japonica,,,,,,,,,,,,,s.n.,1932-04-00,1932,4,,,,,,,,,,,,,,,,,,,,,,,Japan,Kanagawa-ken,,,"Yenoshima, Sagami province",,,,35.302538,139.48271,WGS84,1051,,emilyt (2016-04-18 14:14:43),,georef batch tool 2016-04-18; GeoLocate,reviewed - high confidence,,,,,,,,,,arondoni,9/9/2016 19:42,,8,urn:uuid:fb70a4e6-3acc-4d50-b5e1-a0026bed5465,https://macroalgae.org:443/portal/collections/individual/index.php?occid=792113
792116,UC,,,PreservedSpecimen,21e8ae9c-9576-469a-8bc1-f582a3b944d0,UC1469106,,Plantae,Rhodophyta,Florideophyceae,Ceramiales,Dasyaceae,Heterosiphonia japonica,43714,Yendo,Heterosiphonia,japonica,,,,,,,,,,Jiro Tanaka,,,s.n.,3/13/1986,1986,3,13,72,,,,on rocks in the subtidal zone,,,,,,,,,,,,,,,,,Japan,Shizuoka-ken,,,"Honshu, Shizuoka prefecture, Shimoda-shi, Tohji",,,,34.633333,138.833333,,,"34 38'N, 138 50'E",,,,,,,,,,,,,,arondoni,4/7/2016 12:26,,8,urn:uuid:21e8ae9c-9576-469a-8bc1-f582a3b944d0,https://macroalgae.org:443/portal/collections/individual/index.php?occid=792116
792119,UC,,,PreservedSpecimen,ed1cdfac-9e17-4f75-82ab-3575f3c5c79f,UC418161,,Plantae,Rhodophyta,Florideophyceae,Ceramiales,Dasyaceae,Heterosiphonia japonica,43714,Yendo,Heterosiphonia,japonica,,,,,,,,,,K. Okamura,,,22,5/4/1929,1929,5,4,124,,,,,,,,,,,,,,,,,,,,,Japan,Saga-ken,,,"Karatsu, Kyushu",,,,33.4425,129.969722,WGS84,3964,,emilyt (2016-04-21 10:09:42),,georef batch tool 2016-04-21; GeoLocate,reviewed - high confidence,,,,,,,,,,arondoni,9/9/2016 19:42,,8,urn:uuid:ed1cdfac-9e17-4f75-82ab-3575f3c5c79f,https://macroalgae.org:443/portal/collections/individual/index.php?occid=792119
792123,UC,,,PreservedSpecimen,73463a8c-cdc6-4dbd-b3d0-d57b180972c8,UC1854972,AHFH 87892,Plantae,Rhodophyta,Florideophyceae,Ceramiales,Dasyaceae,Heterosiphonia japonica,43714,Yendo,Heterosiphonia,japonica,,,,,,,,,,Jiro Tanaka,,,s.n.,3/13/1986,1986,3,13,72,,,,on rocks in the subtidal zone,,,,,,,,,,,,,,,,,Japan,Shizuoka-ken,,,"Honshu, Shizuoka prefecture, Shimoda-shi, Tohji",,,,34.633333,138.833333,,,"34 38'N, 138 50'E",,,,,,,,,,,,,,arondoni,4/7/2016 12:27,,8,urn:uuid:73463a8c-cdc6-4dbd-b3d0-d57b180972c8,https://macroalgae.org:443/portal/collections/individual/index.php?occid=792123
792126,UC,,,PreservedSpecimen,be4c2fb0-1ae8-4ae0-b305-a35c224197e3,UC1854975,AHFH 68692,Plantae,Rhodophyta,Florideophyceae,Ceramiales,Dasyaceae,Heterosiphonia japonica,43714,Yendo,Heterosiphonia,japonica,,,,,,,,,,T. Segi,,,s.n.,4/22/1944,1944,4,22,113,,,,,,,,,,,,,,,,,,,,,Japan,Shizuoka-ken,,,"Onmaesaki, Toomi province [Omaezaki]",,,,34.648144,138.148127,WGS84,4377,,emilyt (2016-04-25 14:30:10),,georef batch tool 2016-04-25; GeoLocate,reviewed - high confidence,,,,,,,,,,arondoni,9/9/2016 19:42,,8,urn:uuid:be4c2fb0-1ae8-4ae0-b305-a35c224197e3,https://macroalgae.org:443/portal/collections/individual/index.php?occid=792126
792128,UC,,,PreservedSpecimen,922cbedd-3535-4fcc-be2e-2a7c490e6ef2,UC1854976,AHFH 83210,Plantae,Rhodophyta,Florideophyceae,Ceramiales,Dasyaceae,Heterosiphonia japonica,43714,Yendo,Heterosiphonia,japonica,,,,,,,,,,T. Kaneko,,,10112,8/29/1968,1968,8,29,242,,,,,,,,,,,,,,,,,,,,,Japan,,,,"Rishiri Island, Hokkaido",,,,45.180556,141.243056,,20397,,emilyt (2016-04-18 14:16:06),,georef batch tool 2016-04-18; GeoLocate,reviewed - high confidence,,,,,,,,,,arondoni,4/18/2016 17:16,,8,urn:uuid:922cbedd-3535-4fcc-be2e-2a7c490e6ef2,https://macroalgae.org:443/portal/collections/individual/index.php?occid=792128
792129,UC,,,PreservedSpecimen,028af235-08bf-4cdc-95f4-328908958bff,UC1854977,AHFH 46434,Plantae,Rhodophyta,Florideophyceae,Ceramiales,Dasyaceae,Heterosiphonia japonica,43714,Yendo,Heterosiphonia,japonica,,,,,,,,,,,,,s.n.,1932-04-00,1932,4,,,,,,,,,,,,,,,,,,,,,,,Japan,Kanagawa-ken,,,"Yenoshima, Sagami province",,,,35.302538,139.48271,WGS84,1238,,emilyt (2016-04-18 14:14:43),,georef batch tool 2016-04-18; GeoLocate,reviewed - high confidence,,,,,,,,,,arondoni,9/9/2016 19:43,,8,urn:uuid:028af235-08bf-4cdc-95f4-328908958bff,https://macroalgae.org:443/portal/collections/individual/index.php?occid=792129
792131,UC,,,PreservedSpecimen,04e1e18a-4c4f-4f5b-bc34-d8cc822b28d7,UC1854978,AHFH 28184,Plantae,Rhodophyta,Florideophyceae,Ceramiales,Dasyaceae,Heterosiphonia japonica,43714,Yendo,Heterosiphonia,japonica,,,,,,,,,,K. Inagaki,,,s.n.,4/25/1947,1947,4,25,115,,,,,,,,,,,,,,,,,,,,,Japan,Aichi-ken,,,"Toyohama, Owari province",,,,34.708256,136.92887,WGS84,3920,,emilyt (2016-04-25 14:38:46),,georef batch tool 2016-04-25; GeoLocate,reviewed - high confidence,,,,,,,,,,arondoni,9/9/2016 19:43,,8,urn:uuid:04e1e18a-4c4f-4f5b-bc34-d8cc822b28d7,https://macroalgae.org:443/portal/collections/individual/index.php?occid=792131
792135,UC,,,PreservedSpecimen,4035ed6b-dd2e-492d-8551-d0be7dd9fd28,UC1854979,AHFH 28189,Plantae,Rhodophyta,Florideophyceae,Ceramiales,Dasyaceae,Heterosiphonia japonica,43714,Yendo,Heterosiphonia,japonica,,,,,,,,,,K. Inagaki,,,s.n.,5/25/1947,1947,5,25,145,,,,,,,,,,,,,,,,,,,,,Japan,Aichi-ken,,,"Toyohama, Owari province",,,,34.712419,136.92578,WGS84,3031,,emilyt (2016-04-25 14:38:46),,georef batch tool 2016-04-25; GeoLocate,reviewed - high confidence,,,,,,,,,,arondoni,9/9/2016 19:43,,8,urn:uuid:4035ed6b-dd2e-492d-8551-d0be7dd9fd28,https://macroalgae.org:443/portal/collections/individual/index.php?occid=792135
792138,UC,,,PreservedSpecimen,d15d98e8-c088-44ae-9b30-f3b7516993d2,UC1854980,AHFH 21957,Plantae,Rhodophyta,Florideophyceae,Ceramiales,Dasyaceae,Heterosiphonia japonica,43714,Yendo,Heterosiphonia,japonica,,,,,,,,,,K. Inagaki,,,s.n.,4/25/1947,1947,4,25,115,,,,,,,,,,,,,,,,,,,,,Japan,Aichi-ken,,,"Toyohama, Owari province",,,,34.711854,136.930586,WGS84,2403,,emilyt (2016-04-25 14:38:46),,georef batch tool 2016-04-25; GeoLocate,reviewed - high confidence,,,,,,,,,,arondoni,9/9/2016 19:44,,8,urn:uuid:d15d98e8-c088-44ae-9b30-f3b7516993d2,https://macroalgae.org:443/portal/collections/individual/index.php?occid=792138
1008221,SD,,,PreservedSpecimen,e1bc6ddd-ebdf-49ea-b874-5857bd51deac,SD00005366,151478,Plantae,Rhodophyta,Florideophyceae,Ceramiales,Dasyaceae,Heterosiphonia japonica,43714,Yendo,Heterosiphonia,japonica,,,,,,,,,,Elizabeth L. Venrick,,,126,6/7/1965,1965,6,7,158,,,,5 fathoms,,,,,,,,,,,,,,,,,United States,Washington,San Juan,,"Smith Island, south of San Juan Island",,0,,48.318969,-122.842815,,797,,ads1021 (2017-09-26 15:14:38),,georef batch tool 2017-09-26; GeoLocate,reviewed - high confidence,,,,,,,,,,pv,9/26/2017 18:14,,10,urn:uuid:e1bc6ddd-ebdf-49ea-b874-5857bd51deac,https://macroalgae.org:443/portal/collections/individual/index.php?occid=1008221
205587,GMS,,,PreservedSpecimen,b747b078-6243-4d48-8aa4-b4b18769e8f2,GMS8060,5358,Plantae,Rhodophyta,Florideophyceae,Ceramiales,Dasyaceae,Heterosiphonia japonica,43714,Yendo,Heterosiphonia,japonica,,,,,,,,,,M. M. Littler,,,s.n.,8/18/1969,1969,8,18,230,,,I. A. Abbott 5358,60 feet depth,,,,,,,,,,0,,,,,,,United States,California,Monterey,,"Monterey Peninsula, Carmel Submarine Canyon, off San Jose Creek Beach, Monterey County, Carmel, CA",,0,,36.52847,-121.93236,,848,,blegler (2017-06-02 11:31:48),,georef batch tool 2017-06-02; GeoLocate,reviewed - high confidence,,,,,,,,,,symphonyu,6/15/2017 12:38,,11,urn:uuid:b747b078-6243-4d48-8aa4-b4b18769e8f2,https://macroalgae.org:443/portal/collections/individual/index.php?occid=205587
205588,GMS,,,PreservedSpecimen,5437e17d-ba35-411a-81a7-ab0987de5d6c,GMS13035,12171,Plantae,Rhodophyta,Florideophyceae,Ceramiales,Dasyaceae,Heterosiphonia japonica,43714,Yendo,Heterosiphonia,japonica,,,,,,,,,,Jay Smith,,,s.n.,4/27/1974,1974,4,27,117,,,,"on back of Cryptochiton stelleri, about 40 feet depth",,,,,,,Cryptochiton stelleri,,,0,,,,,,,United States,California,Monterey,,"Monterey Peninsula, ""Monastery Beach"" and Carmel Submarine Canyon, Monterey County, CA",,0,,36.523573,-121.927177,,327,,blegler (2017-06-02 09:46:18),,georef batch tool 2017-06-02; GeoLocate,reviewed - high confidence,,,,,,,,,,symphonyu,6/15/2017 12:38,,11,urn:uuid:5437e17d-ba35-411a-81a7-ab0987de5d6c,https://macroalgae.org:443/portal/collections/individual/index.php?occid=205588
205589,GMS,,,PreservedSpecimen,64bb9702-55b7-4ebc-8532-e615af56d2a8,GMS13129,,Plantae,Rhodophyta,Florideophyceae,Ceramiales,Dasyaceae,Heterosiphonia japonica,43714,Yendo,Heterosiphonia,japonica,,,,,,,,,,R. Sellers,,,7/14/1976,,,,,,,,,"subtidal, 15 feet depth",,,,,,,,,,0,,,,,,,United States,California,Monterey,,"Monterey Peninsula, Partington Canyon, Monterey County, CA",,0,,36.176091,-121.694904,,435,,blegler (2017-06-05 13:54:59),,georef batch tool 2017-06-05; GeoLocate,reviewed - high confidence,,,,,,,,,,symphonyu,6/15/2017 12:38,,11,urn:uuid:64bb9702-55b7-4ebc-8532-e615af56d2a8,https://macroalgae.org:443/portal/collections/individual/index.php?occid=205589
205590,GMS,,,PreservedSpecimen,7a1a6f97-3883-486f-847f-1c9d19154d5a,GMS4185,,Plantae,Rhodophyta,Florideophyceae,Ceramiales,Dasyaceae,Heterosiphonia japonica,43714,Yendo,Heterosiphonia,japonica,,,,,,,,,,C. F. Cleland,,,s.n.,5/29/1964,1964,5,29,150,,,,Cast ashore.,,,,,,,,,,0,,,,,,,United States,California,Monterey,,"Monterey Peninsula, south end of Carmel Beach, Monterey County, Carmel, CA",,0,,36.547932,-121.930002,,395,,blegler (2017-06-06 10:13:32),,georef batch tool 2017-06-06; GeoLocate,reviewed - high confidence,,,,,,,,,,symphonyu,6/15/2017 12:38,,11,urn:uuid:7a1a6f97-3883-486f-847f-1c9d19154d5a,https://macroalgae.org:443/portal/collections/individual/index.php?occid=205590
205591,GMS,,,PreservedSpecimen,a82a628f-d945-4e30-ad9f-70a2a413475c,GMS5184,,Plantae,Rhodophyta,Florideophyceae,Ceramiales,Dasyaceae,Heterosiphonia japonica,43714,Yendo,Heterosiphonia,japonica,,,,,,,,,,G. J. Hollenberg,,,3621.5,6/27/1964,1964,6,27,179,,,,dredged about 7 fathoms off breakwater,,,,,,,,,,0,,,,,,,United States,California,Monterey,,"Monterey Peninsula, 7 fathoms off breakwater, Monterey County, CA",,0,,36.608982,-121.891339,,221,,blegler (2017-06-02 10:20:13),,georef batch tool 2017-06-02; GeoLocate,reviewed - high confidence,,,,,,,,,,symphonyu,6/15/2017 12:38,,11,urn:uuid:a82a628f-d945-4e30-ad9f-70a2a413475c,https://macroalgae.org:443/portal/collections/individual/index.php?occid=205591
205592,GMS,,,PreservedSpecimen,875addbf-2d57-4c79-83a6-c73ba629f736,GMS339,,Plantae,Rhodophyta,Florideophyceae,Ceramiales,Dasyaceae,Heterosiphonia japonica,43714,Yendo,Heterosiphonia,japonica,,,,,,,,,,I. A. Abbott,,N. Nicholson,s.n.,5/21/1966,1966,5,21,141,,,,Cast ashore.,,,,,,,,,,0,,,,,,,United States,California,Monterey,,"Carmel Beach, Monterey Peninsula, CA",,0,,36.552969,-121.930635,,1015,,blegler (2017-06-01 11:31:21),,georef batch tool 2017-06-01; GeoLocate,reviewed - high confidence,,,,,,,,,,symphonyu,6/15/2017 12:39,,11,urn:uuid:875addbf-2d57-4c79-83a6-c73ba629f736,https://macroalgae.org:443/portal/collections/individual/index.php?occid=205592
205593,GMS,,,PreservedSpecimen,65f9a5ff-21d2-406a-a01d-feed28ab98bb,GMS4182,2706,Plantae,Rhodophyta,Florideophyceae,Ceramiales,Dasyaceae,Heterosiphonia japonica,43714,Yendo,Heterosiphonia,japonica,,,,,,,,,,Norman Richardson,,I. A. Abbott,s.n.,4/18/1965,1965,4,18,108,,,I. A. Abbott 2706,Cast ashore.,,,,,,,,,,0,,,,,,,United States,California,Monterey,,"Monterey Peninsula, south end of Carmel Beach, Monterey County, Carmel, CA",,0,,36.547932,-121.930002,,395,,blegler (2017-06-06 10:13:32),,georef batch tool 2017-06-06; GeoLocate,reviewed - high confidence,,,,,,,,,,symphonyu,6/15/2017 12:39,,11,urn:uuid:65f9a5ff-21d2-406a-a01d-feed28ab98bb,https://macroalgae.org:443/portal/collections/individual/index.php?occid=205593
205594,GMS,,,PreservedSpecimen,ef0a1892-56e5-4921-848b-e2496cba41e0,GMS11932,9638a,Plantae,Rhodophyta,Florideophyceae,Ceramiales,Dasyaceae,Heterosiphonia japonica,43714,Yendo,Heterosiphonia,japonica,,,,,,,,,,E. K. Anderson,,,s.n.,5/3/1972,1972,5,3,124,,,I. A. Abbott 9638a,30-40 feet depth,,,,,,,,,,0,,,,,,,United States,California,Monterey,,"Monterey Peninsula, Carmel Bay, northwest of Carmel outfall, Monterey County, Carmel, CA",,0,,36.542778,-121.94743,,2887,,blegler (2017-06-02 11:13:14),,georef batch tool 2017-06-02; GeoLocate,reviewed - high confidence,,,,,,,,,,symphonyu,6/15/2017 12:39,,11,urn:uuid:ef0a1892-56e5-4921-848b-e2496cba41e0,https://macroalgae.org:443/portal/collections/individual/index.php?occid=205594
205595,GMS,,,PreservedSpecimen,8552711c-9dbd-4800-8b6d-209507374a50,GMS9832,,Plantae,Rhodophyta,Florideophyceae,Ceramiales,Dasyaceae,Heterosiphonia japonica,43714,Yendo,Heterosiphonia,japonica,,,,,,,,,,I. A. Abbott,,,6302,5/20/1970,1970,5,20,140,,,,Cast ashore.,,,,,,,,,,0,,,,,,,United States,California,Monterey,,"Monterey Peninsula, south end of Carmel Beach, Monterey County, Carmel, CA",,0,,36.547932,-121.930002,,395,,blegler (2017-06-06 10:13:32),,georef batch tool 2017-06-06; GeoLocate,reviewed - high confidence,,,,,,,,,,symphonyu,6/15/2017 12:39,,11,urn:uuid:8552711c-9dbd-4800-8b6d-209507374a50,https://macroalgae.org:443/portal/collections/individual/index.php?occid=205595
205596,GMS,,,PreservedSpecimen,eefc5576-4e2d-4417-9857-f6870b697315,GMS9833,,Plantae,Rhodophyta,Florideophyceae,Ceramiales,Dasyaceae,Heterosiphonia japonica,43714,Yendo,Heterosiphonia,japonica,,,,,,,,,,i.a.,,,6300,5/20/1970,1970,5,20,140,,,,Cast ashore.,,,,,,,,,,0,,,,,,,United States,California,Monterey,,"Monterey Peninsula, south end of Carmel Beach, Monterey County, Carmel, CA",,0,,36.547932,-121.930002,,395,,blegler (2017-06-06 10:13:32),,georef batch tool 2017-06-06; GeoLocate,reviewed - high confidence,,,,,,,,,,symphonyu,6/15/2017 12:43,,11,urn:uuid:eefc5576-4e2d-4417-9857-f6870b697315,https://macroalgae.org:443/portal/collections/individual/index.php?occid=205596
205597,GMS,,,PreservedSpecimen,7a6a2814-fc29-4c9e-aa74-3e6cb475fd65,GMS7245,,Plantae,Rhodophyta,Florideophyceae,Ceramiales,Dasyaceae,Heterosiphonia japonica,43714,Yendo,Heterosiphonia,japonica,,,,,,,,,,I. A. Abbott,,,4922,6/5/1969,1969,6,5,156,,,,Cast ashore.,,,,,,,,,,0,,,,,,,United States,California,Monterey,,"Monterey Peninsula, south end of Carmel Beach, Monterey County, Carmel, CA",,0,,36.547932,-121.930002,,395,,blegler (2017-06-06 10:13:32),,georef batch tool 2017-06-06; GeoLocate,reviewed - high confidence,,,,,,,,,,symphonyu,6/15/2017 12:44,,11,urn:uuid:7a6a2814-fc29-4c9e-aa74-3e6cb475fd65,https://macroalgae.org:443/portal/collections/individual/index.php?occid=205597
205598,GMS,,,PreservedSpecimen,978747bb-9d34-4e08-b901-314cdd415137,GMS13328,12488,Plantae,Rhodophyta,Florideophyceae,Ceramiales,Dasyaceae,Heterosiphonia japonica,43714,Yendo,Heterosiphonia,japonica,,,,,,,,,,R. Sellers,,,s.n.,4/5/1976,1976,4,5,96,,,I. A. Abbott 12488,"on back of Cryptochiton stelleri, from about 30 feet depth",,,,,,,Cryptochiton stelleri,,,0,,,,,,,United States,California,Monterey,,"Monterey Peninsula, Mussel Point, Pacific Grove, Monterey County, CA",,0,,36.621568,-121.90436,,464,,blegler (2017-06-05 11:56:43),,georef batch tool 2017-06-05; GeoLocate,reviewed - high confidence,,,,,,,,,,symphonyu,6/15/2017 12:44,,11,urn:uuid:978747bb-9d34-4e08-b901-314cdd415137,https://macroalgae.org:443/portal/collections/individual/index.php?occid=205598
205599,GMS,,,PreservedSpecimen,c9fa4527-156f-499a-97d1-8de82e365a3f,GMS9865,,Plantae,Rhodophyta,Florideophyceae,Ceramiales,Dasyaceae,Heterosiphonia japonica,43714,Yendo,Heterosiphonia,japonica,,,,,,,,,,I. A. Abbott,,,6332,5/24/1970,1970,5,24,144,,,,Cast ashore.,,,,,,,,,,0,,,,,,,United States,California,Monterey,,"Monterey Peninsula, between 12 street and Mission Point, Monterey County, CA",,0,,36.546199,-121.929749,,233,,blegler (2017-06-02 10:56:27),,georef batch tool 2017-06-02; GeoLocate,reviewed - high confidence,,,,,,,,,,symphonyu,6/15/2017 12:44,,11,urn:uuid:c9fa4527-156f-499a-97d1-8de82e365a3f,https://macroalgae.org:443/portal/collections/individual/index.php?occid=205599
205600,GMS,,,PreservedSpecimen,faf7ae92-b4f0-4132-942b-c15f2079771b,GMS1925,,Plantae,Rhodophyta,Florideophyceae,Ceramiales,Dasyaceae,Heterosiphonia japonica,43714,Yendo,Heterosiphonia,japonica,,,,,,,,,,,,,,6/30/1966,1966,6,30,181,,,,dredged in 6-8 fathoms in a muddy-sandy bottom,sand,,,,,,,,,0,,,,,,,United States,California,Monterey,,"Monterey Peninsula, near Coast Guard Breakwater, Monterey County, CA",,0,,36.60912,-121.89194,,240,,blegler (2017-06-05 12:30:46),,georef batch tool 2017-06-05; GeoLocate,reviewed - high confidence,,,,,,,,,,symphonyu,6/15/2017 12:44,,11,urn:uuid:faf7ae92-b4f0-4132-942b-c15f2079771b,https://macroalgae.org:443/portal/collections/individual/index.php?occid=205600
205601,GMS,,,PreservedSpecimen,2f31d9be-3813-486f-b157-9acdb613c765,GMS1924,,Plantae,Rhodophyta,Florideophyceae,Ceramiales,Dasyaceae,Heterosiphonia japonica,43714,Yendo,Heterosiphonia,japonica,,,,,,,,,,I. A. Abbott,,,s.n.,6/15/1966,1966,6,15,166,,,Tetrasporic,Cast ashore.,,,,,,,,,,0,,,,,,,United States,California,Monterey,,"Monterey Peninsula, south end of Carmel Beach, Monterey County, Carmel, CA",,0,,36.547932,-121.930002,,395,,blegler (2017-06-06 10:13:32),,georef batch tool 2017-06-06; GeoLocate,reviewed - high confidence,,,,,,,,,,symphonyu,6/15/2017 12:44,,11,urn:uuid:2f31d9be-3813-486f-b157-9acdb613c765,https://macroalgae.org:443/portal/collections/individual/index.php?occid=205601
205602,GMS,,,PreservedSpecimen,833f496c-3833-4860-b3ee-d8f1d284c532,GMS10926,7072,Plantae,Rhodophyta,Florideophyceae,Ceramiales,Dasyaceae,Heterosiphonia japonica,43714,Yendo,Heterosiphonia,japonica,,,,,,,,,,Wheeler J. North,,,s.n.,9/14/1970,1970,9,14,257,,,I. A. Abbott 7072,between 40-90 feet depth,,,,,,,,,,0,,,,,,,United States,California,Monterey,,"Monterey Peninsula, Carmel Submarine Canyon, Monterey County, Carmel, CA",,0,,36.540122,-121.939144,,2737,,blegler (2017-06-02 11:10:46),,georef batch tool 2017-06-02; GeoLocate,reviewed - high confidence,,,,,,,,,,symphonyu,6/15/2017 12:45,,11,urn:uuid:833f496c-3833-4860-b3ee-d8f1d284c532,https://macroalgae.org:443/portal/collections/individual/index.php?occid=205602
205603,GMS,,,PreservedSpecimen,81c352ae-5b37-4661-872f-5b2d02dd4a2b,GMS2562,,Plantae,Rhodophyta,Florideophyceae,Ceramiales,Dasyaceae,Heterosiphonia japonica,43714,Yendo,Heterosiphonia,japonica,,,,,,,,,,I. A. Abbott,,,s.n.,5/23/1967,1967,5,23,143,,,,"Cast ashore, mid reef of Moss Beach",,,,,,,,,,0,,,,,,,United States,California,Monterey,,"Monterey Peninsula, Moss Beach, Monterey County, CA",,0,,36.610373,-121.948976,,327,,blegler (2017-06-05 11:44:46),,georef batch tool 2017-06-05; GeoLocate,reviewed - high confidence,,,,,,,,,,symphonyu,6/15/2017 12:45,,11,urn:uuid:81c352ae-5b37-4661-872f-5b2d02dd4a2b,https://macroalgae.org:443/portal/collections/individual/index.php?occid=205603
205604,GMS,,,PreservedSpecimen,d5075ca0-9ee4-40eb-9257-cee18e228199,GMS9806,6239,Plantae,Rhodophyta,Florideophyceae,Ceramiales,Dasyaceae,Heterosiphonia japonica,43714,Yendo,Heterosiphonia,japonica,,,,,,,,,,M. Nitecki,,Z. Arnold,s.n.,5/8/1970,1970,5,8,128,,,I. A. Abbott 6239,"dredged off ""Tage""",,,,,,,,,,0,,,,,,,United States,California,Monterey,,"Monterey Peninsula, Pebble Beach, Monterey County, CA",,0,,36.591418,-121.913902,,6642,,blegler (2017-06-02 09:35:22),,georef batch tool 2017-06-02; GeoLocate,reviewed - high confidence,,,,,,,,,,symphonyu,6/15/2017 12:45,,11,urn:uuid:d5075ca0-9ee4-40eb-9257-cee18e228199,https://macroalgae.org:443/portal/collections/individual/index.php?occid=205604
205605,GMS,,,PreservedSpecimen,6761333d-ab15-43d5-b63c-bc9b14af2b76,GMS675,,Plantae,Rhodophyta,Florideophyceae,Ceramiales,Dasyaceae,Heterosiphonia japonica,43714,Yendo,Heterosiphonia,japonica,,,,,,,,,,N. L. Nicholson,,,s.n.,5/25/1966,1966,5,25,145,,,,Cast ashore.,,,,,,,,,,0,,,,,,,United States,California,Monterey,,"Monterey Peninsula, Asilomar Beach, Monterey County, CA",,0,,36.624137,-121.94043,,1289,,blegler (2017-06-02 10:25:41),,georef batch tool 2017-06-02; GeoLocate,reviewed - high confidence,,,,,,,,,,symphonyu,6/15/2017 12:45,,11,urn:uuid:6761333d-ab15-43d5-b63c-bc9b14af2b76,https://macroalgae.org:443/portal/collections/individual/index.php?occid=205605
205606,GMS,,,PreservedSpecimen,1b8c2e7c-957b-4247-9b56-46b39560587d,GMS4178,,Plantae,Rhodophyta,Florideophyceae,Ceramiales,Dasyaceae,Heterosiphonia japonica,43714,Yendo,Heterosiphonia,japonica,,,,,,,,,,L. E. Hair,,,s.n.,6/18/1965,1965,6,18,169,,,,Cast ashore.,,,,,,,,,,0,,,,,,,United States,California,Monterey,,"Monterey Peninsula, south end of Carmel Beach, Monterey County, Carmel, CA",,0,,36.547932,-121.930002,,395,,blegler (2017-06-06 10:13:32),,georef batch tool 2017-06-06; GeoLocate,reviewed - high confidence,,,,,,,,,,symphonyu,6/15/2017 12:45,,11,urn:uuid:1b8c2e7c-957b-4247-9b56-46b39560587d,https://macroalgae.org:443/portal/collections/individual/index.php?occid=205606
205607,GMS,,,PreservedSpecimen,a2ad47db-2b48-442e-b7cb-5a438b366893,GMS4179,,Plantae,Rhodophyta,Florideophyceae,Ceramiales,Dasyaceae,Heterosiphonia japonica,43714,Yendo,Heterosiphonia,japonica,,,,,,,,,,L. E. Hair,,,s.n.,7/9/1965,1965,7,9,190,,,,dredged in 8-10 fathoms on shale,Shale.,,,,,,,,,0,,,,,,,United States,California,Monterey,,"Monterey Peninsula, south end of Monterey Bay, Monterey County, CA",,0,,36.618904,-121.879372,,2143,,blegler (2017-06-06 10:16:49),,georef batch tool 2017-06-06; GeoLocate,reviewed - high confidence,,,,,,,,,,symphonyu,6/15/2017 12:46,,11,urn:uuid:a2ad47db-2b48-442e-b7cb-5a438b366893,https://macroalgae.org:443/portal/collections/individual/index.php?occid=205607
205608,GMS,,,PreservedSpecimen,20048d91-026b-4a2e-8995-56222d61fe11,GMS12665,10753,Plantae,Rhodophyta,Florideophyceae,Ceramiales,Dasyaceae,Heterosiphonia japonica,43714,Yendo,Heterosiphonia,japonica,,,,,,,,,,A. Nonomura,,,s.n.,7/6/1973,1973,7,6,187,,,saxicolous. I. A. Abbott 10753,"subtidal, 30 feet",,,,,,,,,,0,,,,,,,United States,California,Monterey,,"Monterey Peninsula, Stillwater Cove, Pebble Beach, Monterey County, CA",,0,,36.56494,-121.94155,,400,,blegler (2017-06-06 10:35:01),,georef batch tool 2017-06-06; GeoLocate,reviewed - high confidence,,,,,,,,,,symphonyu,6/15/2017 12:46,,11,urn:uuid:20048d91-026b-4a2e-8995-56222d61fe11,https://macroalgae.org:443/portal/collections/individual/index.php?occid=205608
205609,GMS,,,PreservedSpecimen,7f71b230-d63f-46b7-bbde-71393038fcda,GMS11231,,Plantae,Rhodophyta,Florideophyceae,Ceramiales,Dasyaceae,Heterosiphonia japonica,43714,Yendo,Heterosiphonia,japonica,,,,,,,,,,I. A. Abbott,,,7752,4/27/1971,1971,4,27,117,,,,Cast ashore.,,,,,,,,,,0,,,,,,,United States,California,Monterey,,"Monterey Peninsula, south end of Carmel Beach, Monterey County, Carmel, CA",,0,,36.547932,-121.930002,,395,,blegler (2017-06-06 10:13:32),,georef batch tool 2017-06-06; GeoLocate,reviewed - high confidence,,,,,,,,,,symphonyu,6/15/2017 12:46,,11,urn:uuid:7f71b230-d63f-46b7-bbde-71393038fcda,https://macroalgae.org:443/portal/collections/individual/index.php?occid=205609
205610,GMS,,,PreservedSpecimen,b1f17656-22c1-4180-9cfe-71a39c1a44b3,GMS4184,,Plantae,Rhodophyta,Florideophyceae,Ceramiales,Dasyaceae,Heterosiphonia japonica,43714,Yendo,Heterosiphonia,japonica,,,,,,,,,,I. A. Abbott,,Nancy Nicholson,s.n.,5/5/1965,1965,5,5,125,,,,Cast ashore.,,,,,,,,,,0,,,,,,,United States,California,Monterey,,"Monterey Peninsula, south end of Carmel Beach, Monterey County, Carmel, CA",,0,,36.547932,-121.930002,,395,,blegler (2017-06-06 10:13:32),,georef batch tool 2017-06-06; GeoLocate,reviewed - high confidence,,,,,,,,,,symphonyu,6/15/2017 12:46,,11,urn:uuid:b1f17656-22c1-4180-9cfe-71a39c1a44b3,https://macroalgae.org:443/portal/collections/individual/index.php?occid=205610
205611,GMS,,,PreservedSpecimen,c7b9c37e-a3df-485b-959b-e4eeb0177130,GMS12754,12223,Plantae,Rhodophyta,Florideophyceae,Ceramiales,Dasyaceae,Heterosiphonia japonica,43714,Yendo,Heterosiphonia,japonica,,,,,,,,,,Bob Sellers,,,s.n.,5/4/1974,1974,5,4,124,,,I. A. Abbott 12223,25 feet depth,,,,,,,,,,0,,,,,,,United States,California,Monterey,,"Bluefish Cove, Point Lobos Reserve State Park, Monterey County, CA",,0,,36.521906,-121.943011,,256,,blegler (2017-06-01 11:27:53),,georef batch tool 2017-06-01; GeoLocate,reviewed - high confidence,,,,,,,,,,symphonyu,6/15/2017 12:46,,11,urn:uuid:c7b9c37e-a3df-485b-959b-e4eeb0177130,https://macroalgae.org:443/portal/collections/individual/index.php?occid=205611
205612,GMS,,,PreservedSpecimen,8c91d86b-6372-41ac-ac24-bdb5f352213d,GMS4181,,Plantae,Rhodophyta,Florideophyceae,Ceramiales,Dasyaceae,Heterosiphonia japonica,43714,Yendo,Heterosiphonia,japonica,,,,,,,,,,G. J. Hollenberg,,,s.n.,8/2/1963,1963,8,2,214,,,,"dredged in 10 fathoms, on shale",shale,,,,,,,,,0,,,,,,,United States,California,Monterey,,"Monterey Peninsula, south end of Monterey Bay, Monterey County, CA",,0,,36.618904,-121.879372,,2143,,blegler (2017-06-06 10:16:49),,georef batch tool 2017-06-06; GeoLocate,reviewed - high confidence,,,,,,,,,,symphonyu,6/15/2017 12:46,,11,urn:uuid:8c91d86b-6372-41ac-ac24-bdb5f352213d,https://macroalgae.org:443/portal/collections/individual/index.php?occid=205612
205613,GMS,,,PreservedSpecimen,521dc42c-1379-449f-96ae-84eb37831084,GMS7244,,Plantae,Rhodophyta,Florideophyceae,Ceramiales,Dasyaceae,Heterosiphonia japonica,43714,Yendo,Heterosiphonia,japonica,,,,,,,,,,I. A. Abbott,,,4922,6/5/1969,1969,6,5,156,,,,Cast ashore.,,,,,,,,,,0,,,,,,,United States,California,Monterey,,"Monterey Peninsula, south end of Carmel Beach, Monterey County, Carmel, CA",,0,,36.547932,-121.930002,,395,,blegler (2017-06-06 10:13:32),,georef batch tool 2017-06-06; GeoLocate,reviewed - high confidence,,,,,,,,,,symphonyu,6/15/2017 12:47,,11,urn:uuid:521dc42c-1379-449f-96ae-84eb37831084,https://macroalgae.org:443/portal/collections/individual/index.php?occid=205613
205614,GMS,,,PreservedSpecimen,0b4bc17f-3294-4e26-a8cd-9e58c032364b,GMS8608,,Plantae,Rhodophyta,Florideophyceae,Ceramiales,Dasyaceae,Heterosiphonia japonica,43714,Yendo,Heterosiphonia,japonica,,,,,,,,,,I. A. Abbott,,,5122,6/28/1969,1969,6,28,179,,,,Cast ashore.,,,,,,,,,,0,,,,,,,United States,California,Monterey,,"Monterey Peninsula, south end of Moss Beach, San Mateo County, CA",,0,,36.608616,-121.952237,,327,,blegler (2017-06-06 10:19:05),,georef batch tool 2017-06-06; GeoLocate,reviewed - high confidence,,,,,,,,,,symphonyu,6/15/2017 12:47,,11,urn:uuid:0b4bc17f-3294-4e26-a8cd-9e58c032364b,https://macroalgae.org:443/portal/collections/individual/index.php?occid=205614
205615,GMS,,,PreservedSpecimen,86a43e99-33c5-4265-a463-ace4154b737f,GMS7251,,Plantae,Rhodophyta,Florideophyceae,Ceramiales,Dasyaceae,Heterosiphonia japonica,43714,Yendo,Heterosiphonia,japonica,,,,,,,,,,I. A. Abbott,,,4922,6/5/1969,1969,6,5,156,,,,Cast ashore.,,,,,,,,,,0,,,,,,,United States,California,Monterey,,"Monterey Peninsula, south end of Carmel Beach, Monterey County, Carmel, CA",,0,,36.547932,-121.930002,,395,,blegler (2017-06-06 10:13:32),,georef batch tool 2017-06-06; GeoLocate,reviewed - high confidence,,,,,,,,,,symphonyu,6/15/2017 12:47,,11,urn:uuid:86a43e99-33c5-4265-a463-ace4154b737f,https://macroalgae.org:443/portal/collections/individual/index.php?occid=205615
205616,GMS,,,PreservedSpecimen,0121be46-9db7-40e3-bf13-904213d43c95,GMS7248,,Plantae,Rhodophyta,Florideophyceae,Ceramiales,Dasyaceae,Heterosiphonia japonica,43714,Yendo,Heterosiphonia,japonica,,,,,,,,,,I. A. Abbott,,,4922,6/5/1969,1969,6,5,156,,,,Cast ashore.,,,,,,,,,,0,,,,,,,United States,California,Monterey,,"Monterey Peninsula, south end of Carmel Beach, Monterey County, Carmel, CA",,0,,36.547932,-121.930002,,395,,blegler (2017-06-06 10:13:32),,georef batch tool 2017-06-06; GeoLocate,reviewed - high confidence,,,,,,,,,,symphonyu,6/15/2017 12:47,,11,urn:uuid:0121be46-9db7-40e3-bf13-904213d43c95,https://macroalgae.org:443/portal/collections/individual/index.php?occid=205616
205617,GMS,,,PreservedSpecimen,f5324dd0-1425-4db6-93b0-37e99f6df1e4,GMS4183,2690,Plantae,Rhodophyta,Florideophyceae,Ceramiales,Dasyaceae,Heterosiphonia japonica,43714,Yendo,Heterosiphonia,japonica,,,,,,,,,,Nancy Nicholson,,I. A. Abbott,s.n.,4/11/1965,1965,4,11,101,,,I. A. Abbott 2690,Cast ashore.,,,,,,,,,,0,,,,,,,United States,California,Monterey,,"Monterey Peninsula, south end of Carmel Beach, Monterey County, Carmel, CA",,0,,36.547932,-121.930002,,395,,blegler (2017-06-06 10:13:32),,georef batch tool 2017-06-06; GeoLocate,reviewed - high confidence,,,,,,,,,,symphonyu,6/15/2017 12:48,,11,urn:uuid:f5324dd0-1425-4db6-93b0-37e99f6df1e4,https://macroalgae.org:443/portal/collections/individual/index.php?occid=205617
205618,GMS,,,PreservedSpecimen,4697071b-7f40-4ebc-860b-e8fd1c25b451,GMS33,,Plantae,Rhodophyta,Florideophyceae,Ceramiales,Dasyaceae,Heterosiphonia japonica,43714,Yendo,Heterosiphonia,japonica,,,,,,,,,,I. A. Abbott,,,s.n.,5/7/1966,1966,5,7,127,,,,Cast ashore.,,,,,,,,,,0,,,,,,,United States,California,Monterey,,"Monterey Peninsula, Carmel Beach, Monterey County, Carmel, CA",,0,,36.550377,-121.930409,,717,,blegler (2017-06-02 11:10:24),,georef batch tool 2017-06-02; GeoLocate,reviewed - high confidence,,,,,,,,,,symphonyu,6/15/2017 12:48,,11,urn:uuid:4697071b-7f40-4ebc-860b-e8fd1c25b451,https://macroalgae.org:443/portal/collections/individual/index.php?occid=205618
341443,GMS,,,PreservedSpecimen,0b0591c6-071b-4203-ba42-2a1c6030a3ba,GMS8061,5359,Plantae,Rhodophyta,Florideophyceae,Ceramiales,Dasyaceae,Heterosiphonia japonica,43714,Yendo,Heterosiphonia,japonica,,,,,,,,,,M. M. Littler,,,s.n.,8/20/1969,1969,8,20,232,,,I. A. Abbott 5359,Cast ashore.,,,,,,,,,,,,,,,,,United States,California,Monterey,,"Monterey Peninsula, south end of Middle Reef of Moss Beach, Monterey County, CA",,0,,36.61,-121.94722,,603,,blegler (2017-06-06 13:28:42),,georef batch tool 2017-06-06; GeoLocate,reviewed - high confidence,,,,,,,,,,ClareLoughran,8/9/2017 15:30,,11,urn:uuid:0b0591c6-071b-4203-ba42-2a1c6030a3ba,https://macroalgae.org:443/portal/collections/individual/index.php?occid=341443
969361,IRVC,,,PreservedSpecimen,,IRVC21874,,Plantae,Rhodophyta,Florideophyceae,Ceramiales,Dasyaceae,Heterosiphonia japonica,43714,Yendo,Heterosiphonia,japonica,,,,,,,,,,J. Stewart,,,4279,6/2/1969,1969,6,2,153,,,,,,,,,,,,,,,,,,,,,United States,California,San Diego,,"South of Beach and Tennis Club, La Jolla",,,,32.84727,-117.274204,,3036,,ljv2000 (2017-11-16 09:44:07),,georef batch tool 2017-11-16; GeoLocate,reviewed - high confidence,,,,,,,,,,wyho@berkeley.edu,11/16/2017 11:44,,15,urn:uuid:0568f7dc-6bbb-492f-a5eb-36b894bb66d8,https://macroalgae.org:443/portal/collections/individual/index.php?occid=969361
434355,WTU,,,PreservedSpecimen,6c283242-5550-40cc-8a61-bd81d3eb2a34,WTU-A-008369,Accession: 310770,Plantae,Rhodophyta,Florideophyceae,Ceramiales,Dasyaceae,Heterosiphonia japonica,43714,Yendo,Heterosiphonia,japonica,,,,,,,,,,Robert B. Setzer,,,10138,4/17/1976,1976,4,17,108,,,Origin: .,Cast ashore.,,,,,,,,,,,,,,,,,United States,California,Monterey,,Monterey Peninsula. South end of Carmel Beach.,,0,,36.532812,-121.934509,WGS 84,3019,,,,Digital Map,,,,,,,,,,en,blegler,4/3/2015 20:28,WTU-A-008369,26,urn:uuid:b2697574-5fe0-4cae-8897-fc3f12ed4df3,https://macroalgae.org:443/portal/collections/individual/index.php?occid=434355
434356,WTU,,,PreservedSpecimen,6926f9dc-d976-48fd-abb8-d50efb4b5ad3,WTU-A-008370,Accession: 310772,Plantae,Rhodophyta,Florideophyceae,Ceramiales,Dasyaceae,Heterosiphonia japonica,43714,Yendo,Heterosiphonia,japonica,,,Robert Setzer,,,,,,,Robert Setzer,,,10096,5/26/1978,1978,5,26,146,,,Bright red when collected. Origin: .,Cast ashore.,,,,,,,,,,,,,,,,,United States,California,Monterey,,South end of Carmel Beach.,,0,,36.534902,-121.92909,WGS 84,1893,,,,Digital Map,,,,,,,,,,en,blegler,4/3/2015 20:28,WTU-A-008370,26,urn:uuid:707b960e-53e0-43fe-9d85-b1dfb9d778aa,https://macroalgae.org:443/portal/collections/individual/index.php?occid=434356
434357,WTU,,,PreservedSpecimen,4991b281-ee81-476f-9771-d00eaab1d6a7,WTU-A-008371,Accession: 310771,Plantae,Rhodophyta,Florideophyceae,Ceramiales,Dasyaceae,Heterosiphonia japonica,43714,Yendo,Heterosiphonia,japonica,,,,,,,,,,Robert B. Setzer,,,10096,5/26/1978,1978,5,26,146,,,Origin: .,Cast ashore.,,,,,,,,,,,,,,,,,United States,California,Monterey,,Monterey Peninsula. South end of Carmel Beach.,,0,,36.532812,-121.934509,WGS 84,3019,,,,Digital Map,,,,,,,,,,en,blegler,4/3/2015 20:28,WTU-A-008371,26,urn:uuid:8d8ac95a-031b-430f-919e-ec7e0047a4a2,https://macroalgae.org:443/portal/collections/individual/index.php?occid=434357
756466,ALA,,,PreservedSpecimen,2a9c3602-add3-4ad3-8890-6379b92c4679,H1271792,"Accession: 62961, 2770",Plantae,Rhodophyta,Florideophyceae,Ceramiales,Dasyaceae,Heterosiphonia japonica,43714,Yendo,Heterosiphonia,japonica,,,,,,"See Abbott and Hollenberg, 1976.",,,,S. C. Lindstrom,,,241,9/1/1974,1974,9,1,244,,,,Mud bottom--probably 20-30 feet at 1730.,sediment,,,,,,,,,,,,,,,,United States,Alaska,Ketchikan Gateway,,"Ketchikan Quad: Gravina Island, north end of airport.",,0,,55.362768,-131.726051,WGS 84,1000,,,,Digital Map,,,,,,,,,,en,blegler,4/6/2015 11:52,H1271792,28,urn:uuid:aaf9ef65-39b6-43f5-8793-2ae08111e808,https://macroalgae.org:443/portal/collections/individual/index.php?occid=756466
597404,MASS,,,PreservedSpecimen,0c6ca302-0999-41bd-bc0a-def20e245055,383791,,Plantae,Rhodophyta,Florideophyceae,Ceramiales,Dasyaceae,Heterosiphonia japonica,43714,Yendo,Heterosiphonia,japonica,,,,,,,,,,K. A. Vandenbosch,,,,7/11/1978,1978,7,11,192,,,,,,,,,,,,,,,,,,,,,United States,Washington,,,"Long Island, Southeast of Lopez Island, WA",,0,,48.440933,-122.924344,,551,,rpf1 (2016-01-04 21:41:17),,georef batch tool 2016-01-04; GeoLocate,reviewed - high confidence,,,,,,,,,,,1/4/2016 23:41,383791,30,urn:uuid:0c6ca302-0999-41bd-bc0a-def20e245055,https://macroalgae.org:443/portal/collections/individual/index.php?occid=597404
